,diana,clara,pearson -> clara,k-medoids,ID
abysswraithsofeden,1,1,1,0,1
acecombatassaulthorizonenhancededition,2,2,2,0,2
achronplussoundtrack,3,3,3,0,3
actofwardirectaction,2,2,2,0,4
adamsventureepisodeiiirevelations,1,1,4,0,5
adamsventureepisodeisearchforlostgarden,1,1,4,0,6
adventurepark,2,2,5,0,7
adventurezatorwhenpigsfly,4,4,6,0,8
afterfallinsanitydirtyarenaedition,5,5,7,0,9
afterfallinsanityextendededition,5,5,8,0,10
agameofdwarves,2,2,2,0,11
agameofthronesgenesis,1,6,9,0,12
ageofbooty,2,7,5,0,13
ageofempiresiiicompletecollection,1,8,10,0,14
agfprofantasysidescrollerplayer,5,4,7,0,15
agfprozombiefpsplayer,4,9,11,0,16
agriculturalsimulatorhistoricalfarming,2,7,12,0,17
agriculturalsimulatorii0iiextendededition,1,6,9,0,18
aimiiclanwars,5,10,8,0,19
airconflictscollection,6,11,2,0,20
airconflictspacificcarriers,1,12,13,0,21
airconflictspacificcarriersivpack,1,1,4,0,22
airconflictssecretwars,1,6,8,0,23
airconflictsvietnam,2,2,2,0,24
airconflictsvietnamivpack,6,11,2,0,25
airlinetycoonii,1,1,4,0,26
airlinetycooniigoldedition,1,8,13,0,27
airportsimulatorii0iiv,2,7,10,0,28
aiwarcollection,1,1,1,0,29
alanwake,2,2,2,0,30
alanwakecollectorsedition,7,13,14,0,31
alanwakefranchise,2,2,2,0,32
alanwakesamericannightmare,1,14,10,0,33
alienbreediiassault,1,1,1,0,34
alienbreediiidescent,1,1,1,0,35
alienbreedimpact,1,1,1,0,36
alienbreedtrilogy,2,7,12,0,37
alienisolation,3,3,3,0,38
alienscolonialmarines,1,6,15,0,39
alienscolonialmarinesbughuntdlc,6,11,16,0,40
alienscolonialmarinesmoviemappack,6,11,16,0,41
alienscolonialmarinesseasonpass,7,15,14,0,42
alienspidy,2,7,12,0,43
aliensversuspredatorclassicii000,7,13,17,0,44
aliensvspredator,6,11,14,0,45
allaspectwarpack,1,14,13,0,46
aloneindark,2,8,10,0,47
aloneindarknewnightmare,1,16,9,0,48
alphazylon,4,9,6,0,49
alterego,1,6,15,0,50
amazingspiderman,8,13,14,0,51
amazingspidermanii,9,17,14,0,52
amnesiacollection,6,15,14,0,53
anachronox,2,2,2,0,54
anewbeginningfinalcut,1,8,13,0,55
anewreckoning,4,9,11,0,56
angelicaweavercatchmewhenyoucan,2,7,12,0,57
angvik,2,7,12,0,58
annoii0vii0,1,12,13,0,59
annoii0vii0completeedition,6,15,14,0,60
annoii0vii0deepocean,1,14,10,0,61
annoii0vii0dlccompletepack,6,15,14,0,62
anomalywarzoneearth,1,8,13,0,63
antichamber,2,2,5,0,64
arcaneworlds,6,11,16,0,65
arcaniafallofsetarrif,1,8,10,0,66
arcaniagoldedition,1,1,1,0,67
arcaniagothiciv,1,8,10,0,68
armadaiiviivi,1,1,4,0,69
armadaiiviivigoldedition,1,1,4,0,70
armaiii,2,7,12,0,71
arsenalofdemocracy,2,8,10,0,72
ascensiontothrone,1,16,9,0,73
assassinscreedbrotherhood,1,14,10,0,74
assassinscreedfreedomcry,6,11,16,0,75
assassinscreediideluxeedition,6,11,16,0,76
assassinscreediii,1,12,1,0,77
assassinscreediiibattlehardenedpack,6,11,16,0,78
assassinscreediiideluxeedition,2,7,5,0,79
assassinscreediiihiddensecretspack,6,11,16,0,80
assassinscreediiiseasonpass,7,15,14,0,81
assassinscreediiityrannyofkingwashingtonpartiibetrayal,7,15,14,0,82
assassinscreediiityrannyofkingwashingtonpartiiiredemption,7,15,14,0,83
assassinscreediiityrannyofkingwashingtonpartiinfamy,6,11,16,0,84
assassinscreedivblackflag,1,12,13,0,85
assassinscreedivblackflagfreedomcry,7,15,14,0,86
assassinscreedivblackflagillustriouspiratespack,6,11,16,0,87
assassinscreedivblackflagseasonpass,8,13,17,0,88
assassinscreedliberationhd,7,13,14,0,89
assassinscreedrevelations,1,12,4,0,90
assassinscreedrevelationsgoldedition,1,14,13,0,91
assassinscreedrevelationslostarchive,7,15,14,0,92
assassinscreedrevelationsmediterraneantravelermappack,7,15,14,0,93
atlantisskypatrol,3,3,3,0,94
atrainviii,1,1,13,0,95
avadonblackfortress,2,7,12,0,96
avadoniicorruption,2,2,5,0,97
avalleywithoutwindiandiidualpackfourpack,1,1,9,0,98
avernumiv,1,16,9,0,99
aveyondgatesofnight,5,16,15,0,100
awalkindark,1,8,13,0,101
awesomenautsblastfrompastdlcbundle,2,2,5,0,102
awesomenautscostumepartydlcbundle,2,7,5,0,103
awesomenautsmeanandgreendlcbundle,2,2,5,0,104
awesomenautspowerpack,1,1,1,0,105
awesomenautstropicalthunderdlcbundle,2,2,5,0,106
awizardslizard,4,9,11,0,107
axisgamefactory,1,1,1,0,108
axisgamefactoryplusfantasysidescrollerplayer,4,9,11,0,109
axisgamefactorypluszombiefpsandfantasysidescrollerplayer,4,9,11,0,110
axisgamefactorypremium,1,1,1,0,111
axisgamefactorysagfprozombiefpsplayerdlc,5,4,7,0,112
azada,3,3,3,0,113
aztaka,2,8,10,0,114
babelrising,2,7,12,0,115
badbots,1,8,13,0,116
baldursgateenhancededition,2,2,2,0,117
baldursgateiienhancededition,9,13,14,0,118
ball,1,6,7,0,119
balladofsolar,5,4,8,0,120
bangbangracing,2,8,10,0,121
banished,7,13,14,0,122
bannersaga,6,11,2,0,123
baronwittardnemesisofragnarok,3,3,3,0,124
bastion,7,15,14,0,125
batmanarkhamasylumgotyedition,10,18,18,0,126
batmanarkhamcitygameofyearedition,7,15,14,0,127
batmanarkhamorigins,1,14,10,0,128
batmanarkhamoriginsseasonpass,6,11,16,0,129
battlepaths,2,8,13,0,130
battlestationsmidway,1,14,10,0,131
battlestationspacific,1,6,15,0,132
battlevschess,3,3,3,0,133
battleworldskronos,5,16,8,0,134
battleworldskronosdigitaldeluxeedition,5,16,15,0,135
bejewelediii,1,6,9,0,136
beyondgoodandevil,2,2,5,0,137
binarydomain,1,6,9,0,138
binarydomaindanmarshallpack,6,11,16,0,139
binarydomainmultiplayermappack,1,8,13,0,140
bioshock,5,5,11,0,141
bioshockinfinite,1,12,1,0,142
bioshockinfiniteburialatseaepisodei,8,13,14,0,143
bioshockinfiniteburialatseaepisodeii,2,2,5,0,144
bioshockinfiniteseasonpass,11,19,17,0,145
bittripcoreplussoundtrack,2,2,5,0,146
bittripvoidplussoundtrack,2,2,2,0,147
blackice,3,3,3,0,148
blackink,5,5,7,0,149
blacklighttangodown,1,16,9,0,150
blackmirror,5,4,8,0,151
bladekitten,2,7,12,0,152
bladesoftimelimitededition,1,14,12,0,153
blazingangelsiisecretmissionsofwwii,2,2,2,0,154
blazingangelssquadronsofwwii,2,2,2,0,155
blockland,7,13,14,0,156
bloodbath,5,4,8,0,157
bloodbowlchaosedition,2,7,12,0,158
bloodbowldarkelvesedition,3,3,3,0,159
bloodbowllegendaryedition,1,12,19,0,160
bloodknights,2,7,10,0,161
bloodofwerewolf,1,1,9,0,162
bloodomeniilegacyofkain,2,2,2,0,163
bloodytraplandivpack,6,11,16,0,164
bluetoadmurderfilesmysteriesoflittleriddle,5,5,11,0,165
bookofunwrittentalescritterchronicles,1,8,13,0,166
borderlands,1,5,9,0,167
borderlandsgameofyearedition,2,2,2,0,168
borderlandsii,1,6,9,0,169
borderlandsiicreatureslaughterdome,2,2,2,0,170
borderlandsiigameofyearedition,1,14,13,0,171
borderlandsiipsychopack,6,11,16,0,172
borderlandsmadmoxxisunderdomeriot,1,8,13,0,173
borderlandssecretarmoryofgeneralknoxx,1,8,13,0,174
borderlandszombieislandofdrned,1,8,13,0,175
borderzone,1,1,9,0,176
boundbyflame,1,1,1,0,177
braveland,1,8,1,0,178
breachandclear,5,10,8,0,179
bridge,1,12,4,0,180
bridgeitplus,1,1,9,0,181
bridgeproject,2,2,2,0,182
brigadeevnewjaggedunion,4,9,11,0,183
brink,2,8,10,0,184
brothersataleoftwosons,2,2,5,0,185
brothersinarmshellshighway,2,2,5,0,186
brothersinarmsroadtohilliii0,2,2,5,0,187
buccaneerpursuitofinfamy,1,1,9,0,188
buildalot,6,11,14,0,189
buildalotii,12,19,18,0,190
buildalotiv,12,19,18,0,191
buildalotivpowersource,3,3,3,0,192
bullyscholarshipedition,2,2,2,0,193
bunchofheroesfourpack,3,3,3,0,194
bureauxcomdeclassified,1,6,9,0,195
cabelasafricanadventures,6,11,16,0,196
cabelasbiggamehunterprohunts,1,1,1,0,197
cakemania,3,3,3,0,198
cakemaniamainstreet,3,3,3,0,199
callofdutyadvancedwarfare,3,3,3,0,200
cannonbrawl,1,1,4,0,201
cannonbrawltwopack,1,1,4,0,202
captainmorganeandgoldenturtle,1,14,13,0,203
cargocommander,1,1,1,0,204
cargoquestforgravity,2,7,12,0,205
carmechanicsimulatorii0iiv,2,2,5,0,206
castleneverjudgeabookbyitscover,4,4,7,0,207
castlevanialordsofshadowii,13,17,17,0,208
cave,7,15,14,0,209
ceville,1,8,13,0,210
chains,1,1,4,0,211
chaosdomain,4,4,7,0,212
chaosengineiipack,1,8,13,0,213
chaosondeponia,2,7,12,0,214
childoflight,14,18,17,0,215
chivalrydeadliestwarrior,6,11,2,0,216
chivalrymedievalwarfare,1,8,13,0,217
chompychompchomp,5,4,7,0,218
chrome,1,16,9,0,219
ciddummy,5,5,15,0,220
citadels,7,15,14,0,221
citiesinmotion,1,8,13,0,222
citiesinmotiongermancities,2,7,12,0,223
citiesinmotioniandiicollection,6,11,16,0,224
citiesinmotioniicollection,6,11,16,0,225
citiesinmotioniitrekkingtrolleys,6,11,16,0,226
citiesinmotioniiwendingwaterbuses,6,11,16,0,227
citiesinmotionlondon,2,7,12,0,228
citiesinmotionparis,2,7,12,0,229
citiesinmotionstpetersburg,2,7,10,0,230
citiesinmotiontokyo,2,7,12,0,231
citiesxlii0ii,1,14,10,0,232
citiesxlplatinum,2,7,12,0,233
citizenpack,3,3,3,0,234
citylifeii00viii,1,8,13,0,235
civcityrome,6,11,16,0,236
civilizationvcradleofcivilizationdlcbundle,2,2,2,0,237
clickr,1,6,9,0,238
clockworkman,1,8,13,0,239
clockworktalesofglassandink,5,16,15,0,240
cloudberrykingdom,2,7,10,0,241
coconutqueen,6,11,14,0,242
codenamepanzerscoldwar,3,3,3,0,243
coldfear,2,2,2,0,244
coldwar,2,2,5,0,245
coloniesonline,3,3,3,0,246
commanderconquestofamericas,1,6,8,0,247
commanderconquestofamericascolonialnavy,2,2,5,0,248
commanderconquestofamericaspiratetreasurechest,2,7,5,0,249
commandosiiidestinationberlin,1,1,4,0,250
commandosiimenofcourage,1,1,4,0,251
companyofheroes,2,2,2,0,252
companyofheroesii,1,12,1,0,253
companyofheroesiidigitalcollectorsedition,1,14,10,0,254
companyofheroesiiwesternfrontarmies,3,3,3,0,255
companyofheroesopposingfronts,2,2,2,0,256
companyofheroestalesofvalor,2,2,2,0,257
condemnedcriminalorigins,6,11,16,0,258
conflictdeniedops,1,12,4,0,259
confrontation,1,6,9,0,260
constructionmachinesii0iiv,5,10,15,0,261
contraptionmaker,1,12,19,0,262
contrast,2,7,5,0,263
costumequest,1,12,4,0,264
cradleofrome,6,15,14,0,265
crashtimeii,1,8,13,0,266
crazymachines,1,8,13,0,267
crazymachineselements,1,8,13,0,268
crazymachineselementsdlccollisioncoursementalactivity,2,8,12,0,269
crazymachineselementsdlcgadgetfuntrickyriddles,2,8,12,0,270
crazymachinesgoldengears,5,16,9,0,271
crazymachinesii,1,8,10,0,272
crazymachinesiibacktoshopaddon,1,8,13,0,273
crazymachinesiicomplete,1,1,4,0,274
crazymachinesiicompletepack,4,4,7,0,275
crazymachinesiihalloween,1,1,4,0,276
crazymachinesiihappynewyeardlc,1,8,13,0,277
crazymachinesiiinvadersfromspace,1,8,10,0,278
crazymachinesiiinvadersfromspaceiindwavedlc,1,8,13,0,279
crazymachinesiijeweldiggerdlc,3,3,3,0,280
crazymachinesiiliquidforceaddon,2,7,12,0,281
crazymachinesiitimetraveladdon,1,1,4,0,282
crazymachinesiv,1,8,13,0,283
crazytaxi,2,7,10,0,284
crimsonland,4,9,11,0,285
crouchingponyhiddendragon,4,4,7,0,286
crusaderkingscomplete,2,7,5,0,287
crusaderkingsii,2,7,5,0,288
crusaderkingsiicollection,1,8,13,0,289
crusaderkingsiisonsofabraham,8,13,17,0,290
ctspecialforcesfireforeffect,1,16,9,0,291
daedalicadventurebundle,4,4,7,0,292
damnedivpack,1,12,19,0,293
dark,2,8,10,0,294
darkcultofdeaddlc,7,15,14,0,295
darkesthouraheartsofirongame,1,8,10,0,296
darkestofdays,12,19,18,0,297
darkeyeuniversebundle,5,4,7,0,298
darkloremysterieshuntfortruth,1,1,1,0,299
darkmatterii0iiii,1,1,1,0,300
darknessii,1,12,19,0,301
darknessiifourpack,2,7,10,0,302
darkout,1,8,13,0,303
darksiders,2,2,5,0,304
darksidersii,1,12,13,0,305
darksoulsii,2,7,10,0,306
darksoulsiiseasonpass,3,3,3,0,307
darksoulspreparetodieedition,1,12,1,0,308
darkvoid,2,7,5,0,309
darkvoidzero,2,7,5,0,310
dawnofdiscovery,1,1,1,0,311
daylight,5,10,8,0,312
dayofdefeat,5,5,11,0,313
dayonegarrysincident,5,16,15,0,314
deadhorde,1,1,4,0,315
deadhungrydiner,2,8,12,0,316
deadislandbloodbatharena,2,7,12,0,317
deadislandepidemiccontagionpack,2,7,13,0,318
deadislandepidemicdeadicatedpack,2,7,10,0,319
deadislandepidemicpatientzeropack,1,8,1,0,320
deadislandgameofyearedition,2,2,2,0,321
deadislandryderwhite,2,7,12,0,322
deadrisingii,1,1,12,0,323
deadrisingiii,7,15,14,0,324
deadrisingiioffrecord,6,11,16,0,325
deathandfly,2,7,12,0,326
deathtospies,1,8,4,0,327
deathtospiesmomentoftruth,1,14,13,0,328
deepblackreloaded,1,1,1,0,329
defendersofardania,1,14,13,0,330
defendersofardaniacollection,1,14,10,0,331
defensegridii,3,3,3,0,332
defensegridiispecialedition,3,3,3,0,333
defiance,1,5,11,0,334
defianceseasonpass,2,2,2,0,335
democracyiii,9,13,14,0,336
demolitioncompanygoldedition,3,3,3,0,337
demonicondarkeye,6,11,16,0,338
deponia,1,8,13,0,339
deponiatrilogy,2,8,10,0,340
desperadoscollection,1,8,1,0,341
desperadosiicoopersrevenge,2,7,12,0,342
desperadoswanteddeadoralive,1,8,1,0,343
deusexcollection,15,18,18,0,344
deusexfall,7,15,14,0,345
deusexgameofyearedition,1,12,4,0,346
deusexhumanrevolutiondirectorscut,2,7,12,0,347
deusexinvisiblewar,1,12,4,0,348
devilmaycryiv,2,7,5,0,349
dinerdashhometownhero,12,19,18,0,350
dinertowndetectiveagency,3,3,3,0,351
dirtshowdown,1,14,13,0,352
disciplesiigalleansreturn,1,1,1,0,353
disciplesiigold,4,9,6,0,354
disciplesiiigoldedition,2,2,5,0,355
disciplesiiirenaissance,1,12,1,0,356
disciplesiiiresurrection,1,12,1,0,357
discoveryaseekandfindadventure,3,3,3,0,358
dishonored,1,6,9,0,359
dishonoredbrigmorewitches,2,2,5,0,360
dishonoreddunwallcitytrials,2,2,2,0,361
dishonoredgameofyearedition,1,14,13,0,362
dishonoredknifeofdunwall,2,2,2,0,363
divinitydragoncommander,7,15,14,0,364
divinitydragoncommanderivpack,7,15,14,0,365
divinityiideveloperscut,6,11,16,0,366
dmcdevilmaycry,6,11,16,0,367
dogfightiixivii,1,6,1,0,368
dollardash,2,7,12,0,369
doomclassiccomplete,6,15,14,0,370
doomiiibfgedition,1,14,10,0,371
doorwaysunderworld,3,3,3,0,372
draculaiilastsanctuary,1,6,15,0,373
draculalovekills,1,1,1,0,374
draculatrilogy,1,1,1,0,375
drakensang,1,6,1,0,376
drawnpaintedtower,3,3,3,0,377
drdaisypetvet,12,19,17,0,378
dreadnoughtpack,3,3,3,0,379
dreamcastcollection,2,2,5,0,380
dreamchronicleschosenchild,12,19,18,0,381
dreampinballiiid,6,11,16,0,382
driversanfrancisco,1,14,13,0,383
ducktalesremastered,7,13,14,0,384
dukenukemforevercollection,7,15,14,0,385
dukenukemforeverhailtoiconsparodypack,2,2,5,0,386
dungeondashers,2,7,12,0,387
dungeondefenders,2,2,2,0,388
dungeonland,6,11,2,0,389
dungeonofelements,5,10,8,0,390
dungeonofendless,5,10,6,0,391
dungeonofendlessfounderpack,5,10,6,0,392
dungeonofendlesspixeltofounderupgrade,4,9,11,0,393
dungeonsanddragonsdaggerdale,3,3,3,0,394
dungeonsdarklord,4,4,7,0,395
dungeonsdragonschroniclesofmystara,1,8,10,0,396
dungeonsdragonsdaggerdale,2,7,5,0,397
dungeonsgoldedition,2,7,12,0,398
dungeonsiegeii,5,5,7,0,399
dungeonsiegeiii,1,14,10,0,400
dungeonsiegeiiitreasuresofsun,1,14,13,0,401
dungeonsofdredmorcompletepack,1,12,1,0,402
dustforcesoundtrackbundle,3,3,3,0,403
dyad,2,2,5,0,404
dynastywarriorsviiixtremelegendscompleteedition,1,16,9,0,405
eadormastersofbrokenworld,2,7,12,0,406
earthiiiiv0,2,7,10,0,407
earthiiiv0trilogy,2,7,12,0,408
earthiiivi0,7,15,14,0,409
earthwormjimcollection,3,3,3,0,410
eastindiacompany,2,7,5,0,411
eastindiacompanycollection,6,15,14,0,412
eastindiacompanypiratebay,2,7,12,0,413
edge,2,7,12,0,414
ednaandharveybreakout,1,8,4,0,415
elderscrollsonline,4,9,11,0,416
elderscrollsvskyrim,1,6,9,0,417
elderscrollsvskyrimdawnguard,2,7,12,0,418
elderscrollsvskyrimhearthfire,2,7,12,0,419
elderscrollsvskyrimlegendaryedition,2,14,10,0,420
eleusis,2,8,10,0,421
elmatador,1,1,1,0,422
elvenlegacy,2,2,16,0,423
elvenlegacycollection,6,11,16,0,424
elvenlegacymagic,2,2,16,0,425
elvenlegacyranger,2,2,16,0,426
elvenlegacysiege,2,2,16,0,427
emergencyii0iii,3,3,3,0,428
emergencyii0iiii,2,2,5,0,429
emergencyii0iiv,6,11,14,0,430
empiretotalwar,1,8,12,0,431
empiretotalwarcollection,2,2,2,0,432
empressofdeep,1,8,1,0,433
empressofdeepiisongofbluewhale,1,8,1,0,434
enclave,2,7,12,0,435
endlessspacedisharmony,2,7,12,0,436
endlessspacegold,2,7,12,0,437
enslavedodysseytowestpremiumedition,7,15,14,0,438
epicspaceonline,3,3,3,0,439
escapefromparadiseii,6,11,14,0,440
ethanmeteorhunter,1,8,13,0,441
europauniversalisiii,2,2,2,0,442
europauniversalisiiichronicles,8,13,17,0,443
europauniversalisiiicollection,2,2,5,0,444
europauniversalisiiimusicofworld,2,7,12,0,445
europauniversalisiv,6,11,16,0,446
europauniversalisivconquestcollection,3,3,3,0,447
eurotrucksimulatorii,1,12,13,0,448
eurotrucksimulatoriigoingeast,2,8,10,0,449
eurotrucksimulatoriiirishpaintjobspack,5,10,8,0,450
eurotrucksimulatoriiscottishpaintjobspack,5,10,8,0,451
eurotrucksimulatoriiukpaintjobspack,5,10,8,0,452
evilgenius,7,13,14,0,453
exodusfromearth,1,8,13,0,454
expendablesiivideogame,2,7,12,0,455
extremeroadsusa,4,4,7,0,456
faerylegendsofavalon,4,4,7,0,457
falloutapostnuclearroleplayinggame,1,1,4,0,458
falloutiiapostnuclearroleplayinggame,2,7,12,0,459
falloutiii,6,15,14,0,460
falloutnewvegas,1,6,9,0,461
falloutnewvegasultimateedition,1,12,4,0,462
fallouttacticsbrotherhoodofsteel,16,15,11,0,463
familyguybacktomultiverse,7,15,14,0,464
fantasygroundsivelandsofdarknessiicesspoolsofarnac,4,4,7,0,465
fantasygroundssunderedskiesrace,4,4,7,0,466
fantasywars,2,2,2,0,467
farcry,6,11,14,0,468
farcryii,6,15,14,0,469
farcryiifortunesedition,1,12,1,0,470
farcryiii,1,12,4,0,471
farcryiiiblooddragon,2,2,5,0,472
farcryiiideluxeedition,2,8,12,0,473
farmfrenzy,6,15,14,0,474
farmfrenzyii,6,15,14,0,475
farmfrenzyiii,6,15,14,0,476
farmfrenzyiiiamericanpie,6,15,14,0,477
farmfrenzyiv,5,10,8,0,478
farmfrenzypack,6,11,14,0,479
farmfrenzypizzaparty,6,15,14,0,480
farminggiant,1,1,1,0,481
farmingsimulatorii0ii,2,8,10,0,482
farmingsimulatorii0iiiiofficialexpansion,2,7,12,0,483
farmmachineschampionshipsii0iiv,1,14,13,0,484
fastandfuriousshowdown,2,2,2,0,485
fiii0iii,1,12,1,0,486
fiii0iiii,6,11,16,0,487
finalexam,2,2,5,0,488
finalexamivpack,2,2,5,0,489
finalfantasyiii,7,15,14,0,490
finalfantasyvii,6,11,2,0,491
finalfantasyviii,7,13,14,0,492
finalfantasyxivarealmreborn,4,9,6,0,493
findingteddy,2,7,12,0,494
fishfilletsii,7,15,14,0,495
fishtycoon,6,11,14,0,496
flashback,2,8,10,0,497
flatout,5,16,15,0,498
flatoutcompletepack,5,16,15,0,499
flatoutii,5,5,15,0,500
flatoutiiichaosdestruction,1,1,9,0,501
flatoutultimatecarnage,5,5,15,0,502
flock,2,2,2,0,503
fluttabyes,5,16,15,0,504
flyn,2,7,12,0,505
footballmanagerii0iiv,2,7,12,0,506
foreignlegionbucketsofblood,1,1,1,0,507
foreignlegionmultimassacrefourpack,6,11,14,0,508
forest,3,3,3,0,509
forglory,1,8,10,0,510
fortix,3,3,3,0,511
foulplayiipack,1,1,1,0,512
freakingmeatbags,3,3,3,0,513
freedomforcevsiiirdreich,1,1,1,0,514
fritzchessiiv,5,4,7,0,515
fromdust,7,13,14,0,516
frontlinesfuelofwar,6,15,14,0,517
frontmissionevolved,1,6,9,0,518
frozenhearth,2,7,12,0,519
ftlfasterthanlight,6,11,16,0,520
fullspectrumwarrior,7,15,14,0,521
fullspectrumwarriortenhammers,7,15,14,0,522
futurewars,1,1,4,0,523
galacticcivilizationsiii,3,3,3,0,524
galaxyonfireiifullhd,2,7,12,0,525
gameofthrones,1,6,15,0,526
gameofthronesspecialedition,1,1,1,0,527
gametycooniv,2,2,5,0,528
gardensincfromrakestoriches,1,8,13,0,529
gasguzzlersextreme,1,16,9,0,530
gasguzzlersextremefourpack,5,16,15,0,531
gasguzzlersextremefullmetalfrenzy,5,16,15,0,532
gauntlet,3,3,3,0,533
gearcity,4,4,7,0,534
geminilost,3,3,3,0,535
geminiwars,1,6,1,0,536
geminiwarsiipack,1,1,1,0,537
genesisrising,2,2,2,0,538
gettysburgarmoredwarfare,2,7,12,0,539
ghostbusterssanctumofslime,6,11,14,0,540
ghostmaster,1,1,1,0,541
gianasisterstwistedbundle,2,7,12,0,542
gianasisterstwisteddreams,2,2,2,0,543
gianasisterstwisteddreamsriseofowlverlord,2,2,2,0,544
glacieriiimeltdown,2,2,5,0,545
globalopscommandolibya,1,12,19,0,546
glowfish,1,8,4,0,547
goatsimulator,2,2,12,0,548
godus,2,7,5,0,549
gogonipponmyfirsttriptojapan,8,13,17,0,550
goldrushclassic,3,3,3,0,551
gomo,1,1,1,0,552
goodbyedeponia,6,11,16,0,553
gorkyivii,2,7,5,0,554
gothiciigoldedition,1,8,10,0,555
gothiciii,1,8,10,0,556
governorofpokeriipremiumedition,2,2,5,0,557
grandagesrome,1,12,1,0,558
grandagesromegold,1,8,13,0,559
grandagesromereignofaugustus,4,4,6,0,560
grandtheftautoepisodesfromlibertycity,1,8,13,0,561
grandtheftautoiii,1,8,10,0,562
grandtheftautoiv,1,8,4,0,563
grandtheftautoivcompleteedition,1,8,13,0,564
grandtheftautosanandreas,1,1,4,0,565
grandtheftautotrilogy,6,11,16,0,566
grandtheftautovicecity,1,8,10,0,567
grannyinparadise,3,3,3,0,568
graymatter,1,8,1,0,569
greedblackborder,1,8,13,0,570
gridautosport,3,3,3,0,571
gridautosportseasonpass,3,3,3,0,572
gridii,1,14,13,0,573
grimind,1,8,1,0,574
grotesquetacticsevilheroes,5,16,15,0,575
grotesquetacticsiidungeonsanddonuts,1,6,9,0,576
guardiansofgraxiaplusmappack,1,6,9,0,577
guardiansofmiddleearth,1,1,1,0,578
guardiansofmiddleearthmithriledition,1,1,1,0,579
guildii,1,8,13,0,580
guildiipiratesofeuropeanseas,1,8,13,0,581
guildiirenaissance,1,8,13,0,582
guildwarseyeofnorth,3,3,3,0,583
guiltygearisuka,7,13,14,0,584
gumboycrazyadventures,2,8,10,0,585
gun,9,17,17,0,586
gunmetal,1,1,1,0,587
gunsoficarusonline,1,6,9,0,588
gyromancer,1,12,4,0,589
hackerevolution,1,1,4,0,590
hackerevolutionuntold,1,1,9,0,591
haegemoniasolonheritage,5,16,15,0,592
hamiltonsgreatadventure,1,8,13,0,593
hamletorlastgamewithoutmmorpgfeaturesshadersandproductplacement,2,2,5,0,594
hammerwatchivpack,6,11,16,0,595
hardtruckapocalypseriseofclans,5,16,9,0,596
hauntedhellsreachfourpack,2,2,2,0,597
hauntedhouse,2,2,2,0,598
hauntedpastrealmofghosts,1,1,1,0,599
heartsofironiicomplete,2,7,5,0,600
heartsofironiii,2,2,2,0,601
heartsofironiiicollection,1,14,10,0,602
heartsofironiiisemperfi,5,5,8,0,603
heartsofironiiitheirfinesthour,1,12,19,0,604
heavybullets,4,4,11,0,605
hegemonyromeriseofcaesar,1,16,15,0,606
heliheroes,2,2,2,0,607
helldorado,2,2,5,0,608
hellyeahwrathofdeadrabbit,2,2,5,0,609
heroesofmightandmagicvhammersoffate,5,5,19,0,610
heroesofmightandmagicvtribesofeast,5,5,19,0,611
heroesovereurope,2,2,2,0,612
heroofkingdom,2,2,5,0,613
hexodius,1,8,13,0,614
hiddenexpeditiontitanic,3,3,3,0,615
hitmanabsolution,1,6,9,0,616
hitmanabsolutiondlccollection,6,11,16,0,617
hitmanabsolutioneliteedition,2,2,5,0,618
hitmanbloodmoney,2,7,5,0,619
hitmancodenameivvii,5,5,19,0,620
hitmancollection,1,6,1,0,621
hitmancontracts,9,17,14,0,622
hitmaniisilentassassin,1,14,13,0,623
hive,1,6,15,0,624
hoardivpack,6,11,14,0,625
holidayexpress,4,9,6,0,626
holyavatarvsmaidensofdead,5,16,15,0,627
homefront,13,19,17,0,628
hospitaltycoon,7,15,14,0,629
hotelcollectorsedition,5,10,8,0,630
houseofi000doorsfamilysecrets,1,1,1,0,631
houseofi000doorspalmofzoroastercollectorsedition,4,9,11,0,632
howtosurvive,1,8,4,0,633
htrplusslotcarsimulation,4,4,7,0,634
humanityasset,1,1,9,0,635
hunteddemonsforge,1,8,10,0,636
iamalive,7,15,14,0,637
iamvegend,4,4,7,0,638
ibomberattack,2,2,2,0,639
ibomberdefense,1,8,10,0,640
ibomberdefensepacific,1,8,13,0,641
iesabel,1,1,1,0,642
ihfhandballchallengeiii,5,16,15,0,643
iixviiikgbunleashed,1,8,13,0,644
iixvivalcatraz,2,2,5,0,645
iliisturmovikcliffsofdover,1,6,15,0,646
imperiumromanumgoldedition,1,8,13,0,647
impire,1,8,4,0,648
incredipede,1,12,19,0,649
industryempire,3,3,3,0,650
infectedtwinvaccinecollectorsedition,1,8,13,0,651
infestedplanet,2,7,10,0,652
infinityrunner,4,9,6,0,653
injusticegodsamongusultimateedition,2,14,10,0,654
inmomentum,6,11,14,0,655
innerworld,1,1,9,0,656
inquisitor,1,8,13,0,657
inversion,5,5,8,0,658
ironcladtactics,6,11,16,0,659
ironcladtacticsbloodandironclads,5,16,15,0,660
ironcladtacticsdeluxeedition,5,6,15,0,661
ironcladtacticsdeluxeeditionupgrade,1,8,4,0,662
ironcladtacticsiipack,6,11,16,0,663
ironcladtacticsriseofdmitry,2,2,5,0,664
ironfrontliberationiixiviv,1,14,10,0,665
irongripwarlord,2,2,2,0,666
ironroses,3,3,3,0,667
ironskyinvasion,1,6,1,0,668
ivelements,1,16,9,0,669
jackkeane,5,16,15,0,670
jackkeaneiifirewithin,2,2,5,0,671
jaggedalliancebackinaction,1,14,13,0,672
jaggedalliancecollectorsbundle,2,7,12,0,673
jaggedalliancecrossfire,1,12,13,0,674
jaggedallianceflashback,1,12,1,0,675
jaggedallianceii,5,16,15,0,676
jetcarstunts,5,16,9,0,677
jetsetradio,5,5,8,0,678
jewelquest,12,19,18,0,679
journeyofaroach,2,7,12,0,680
judgedredddreddvsdeath,2,2,2,0,681
justcause,1,14,4,0,682
justcausecollection,2,2,5,0,683
justcauseii,2,7,12,0,684
justcauseiidlccollection,6,11,16,0,685
kaneandlynchdeadmen,4,9,6,0,686
kanelynchdeadmen,1,14,13,0,687
kanelynchiidogdays,1,14,13,0,688
kaptainbraweabrawenewworld,4,9,6,0,689
kerbalspaceprogram,1,8,13,0,690
killbadguy,3,3,3,0,691
kingarthurcollection,1,6,9,0,692
kingarthurfallenchampions,2,2,2,0,693
kingarthuriideadlegions,1,6,19,0,694
kingarthurroleplayingwargame,1,14,10,0,695
kingarthursgoldivpack,7,15,14,0,696
kingdomtales,1,8,13,0,697
kingsbountyarmoredprincess,2,7,12,0,698
kingsbountycollectorspack,5,16,15,0,699
kingsbountycrossworlds,2,14,10,0,700
kingsbountydarkside,3,3,3,0,701
kingsbountyplatinumedition,2,14,10,0,702
kingsbountywarriorsofnorth,2,8,10,0,703
kingsbountywarriorsofnorthiceandfiredlc,1,1,1,0,704
kingscrusade,1,8,13,0,705
kingscrusadecollection,1,8,13,0,706
konungii,5,16,9,0,707
konungiiitiesofdynasty,1,1,1,0,708
kranxcompletepack,6,15,14,0,709
krissx,5,16,9,0,710
kungfustrikewarriorsrise,1,1,4,0,711
lanoire,1,1,13,0,712
lanoirecompleteedition,1,8,13,0,713
lanoiredlcbundle,2,8,10,0,714
laracroftandguardianoflight,1,14,10,0,715
lastfederation,2,2,12,0,716
lastremnant,1,6,9,0,717
leftivdeadii,1,1,4,0,718
legacyofkaindefiance,1,14,13,0,719
legendary,1,1,4,0,720
legendsofeisenwald,5,10,6,0,721
legendsofpegasus,3,3,3,0,722
legendsofpersia,5,4,7,0,723
legobatmaniidcsuperheroes,4,9,6,0,724
legobatmanvideogame,2,2,16,0,725
legohobbit,7,15,14,0,726
legolordofrings,2,2,5,0,727
legomarvelsuperheroes,1,14,10,0,728
legomovievideogame,9,13,14,0,729
leviathanwarships,2,2,2,0,730
lifelessplanet,4,9,6,0,731
light,4,9,6,0,732
litecamandroidnorootandroidscreenrecorder,3,3,3,0,733
litecamhdsupereasyvideocapture,1,12,8,0,734
litecami00fpsgamecapture,5,16,8,0,735
littlefarm,2,7,12,0,736
longlivequeen,13,17,14,0,737
lordofringswarinnorth,7,15,14,0,738
lordsoffootball,5,5,8,0,739
lordsoffootballroyaledition,1,6,8,0,740
lostplanetextremeconditioncoloniesedition,6,15,14,0,741
lostplanetii,1,14,12,0,742
lostplanetiii,6,15,14,0,743
lucius,1,1,1,0,744
lume,2,7,12,0,745
lunarflight,1,1,4,0,746
luxoramunrising,2,7,12,0,747
luxorevolved,1,1,4,0,748
luxoriihd,2,2,2,0,749
luxoriii,2,7,12,0,750
luxormahjong,2,7,12,0,751
luxorvthpassage,2,7,12,0,752
machinesatwariii,1,12,19,0,753
maelstrom,7,15,14,0,754
mafiaii,2,2,2,0,755
magicite,9,13,14,0,756
magicka,1,8,13,0,757
magickacollection,6,15,14,0,758
magickafinalfrontierdlc,5,10,8,0,759
magickafrozenlakedlc,5,10,8,0,760
magickagamerbundle,2,7,12,0,761
magickamarshlandsdlc,5,10,8,0,762
magickanippondlc,5,10,8,0,763
magickaothersideofcoin,1,8,10,0,764
magickapartyrobesdlc,5,10,8,0,765
magickastarsareleft,1,8,13,0,766
magickavietnam,2,7,12,0,767
magickavietnamdlc,5,10,8,0,768
magickawatchtowerdlc,5,10,8,0,769
magickawizardsofsquaretablet,8,13,17,0,770
magickawizardssurvivalkitdlc,5,10,8,0,771
magickawizardwarsflaminghelriderpack,4,9,6,0,772
magickawizardwarsfounderwizardpack,17,20,17,0,773
magickawizardwarsimpressivefounderpack,17,20,17,0,774
magixsamplitudemusicstudioii0iiv,7,13,14,0,775
magrunnerdarkpulse,5,5,8,0,776
mahjongquest,12,19,18,0,777
mahjongtowerseternity,3,3,3,0,778
majestyiicollection,2,2,5,0,779
manofprey,1,8,1,0,780
marchofeagles,6,11,16,0,781
marchofeaglesivpack,6,11,16,0,782
markofninja,6,11,16,0,783
marswarlogs,2,14,10,0,784
martialartscapoeira,5,4,8,0,785
masseffect,2,2,2,0,786
masseffectii,2,2,2,0,787
masseffectiidigitaldeluxeedition,2,2,2,0,788
massiveassault,2,7,12,0,789
massiveassaultnetworkii,1,1,4,0,790
massiveassaultphantomrenaissance,2,7,12,0,791
maxpayne,2,7,12,0,792
maxpayneiifallofmaxpayne,2,7,12,0,793
maxpayneiii,1,6,15,0,794
maxpayneiiideathmatchmadeinheavenpack,1,6,9,0,795
maxpayneiiihostagenegotiationpack,1,6,9,0,796
maxpayneiiilocaljusticepack,1,6,1,0,797
maxpayneiiipainfulmemoriespack,1,6,9,0,798
maxpayneiiirockstarpass,1,6,9,0,799
mechanicescape,1,1,1,0,800
megabytepunch,1,1,1,0,801
mementomori,2,7,12,0,802
memoria,2,2,5,0,803
menofwar,1,8,13,0,804
menofwarassaultsquad,1,6,1,0,805
menofwarassaultsquaddlcpack,1,6,15,0,806
menofwarassaultsquadgameofyearedition,1,6,1,0,807
menofwarassaultsquadii,1,6,15,0,808
menofwarassaultsquadiideluxeedition,1,6,15,0,809
menofwarcollectorpack,2,2,2,0,810
menofwarcondemnedheroes,1,8,13,0,811
menofwarredtide,1,6,9,0,812
menofwarvietnamspecialedition,1,8,13,0,813
metaldriftivpack,6,15,14,0,814
metalgearrisingrevengeance,2,2,5,0,815
metrofranchisepack,6,11,2,0,816
metroii0iiiiii,1,14,12,0,817
metrolastlightcompleteedition,2,2,5,0,818
metrolastlightseasonpass,2,14,12,0,819
mevoandgrooveriders,3,3,3,0,820
middleearthshadowofmordor,3,3,3,0,821
midnightmysteriesedgarallanpoeconspiracy,1,8,10,0,822
midnightmysteriesiiidevilonmississippi,2,7,12,0,823
midnightmysteriesivhauntedhoudini,1,8,4,0,824
mightandmagicclashofheroes,1,8,12,0,825
mightandmagicduelofchampionsadvancedpacki,7,13,14,0,826
mightandmagicduelofchampionsadvancedpackii,7,13,14,0,827
mightandmagicduelofchampionsforgottenwarspack,9,17,14,0,828
mightandmagicduelofchampionsheartofnightmarespack,6,11,2,0,829
mightandmagicduelofchampionsstarterpack,2,11,2,0,830
mightandmagicduelofchampionsworldchampionii0iiiipack,13,17,17,0,831
mightandmagicheroesvicompleteedition,2,2,2,0,832
mightandmagicxlegacy,3,3,3,0,833
mightandmagicxlegacydigitaldeluxeedition,7,13,14,0,834
mightyquestforepiclootattackerpack,2,14,5,0,835
mightyquestforepiclootdefenderpack,6,11,2,0,836
mightyquestforepiclootsupplypack,18,20,17,0,837
mightyquestforepiclootultimatepack,2,14,5,0,838
millenniumanewhope,5,10,8,0,839
millenniumiitakemehigher,4,9,11,0,840
minerwarsii0viiii,1,1,4,0,841
minininjas,1,14,13,0,842
mirrormysteries,1,1,1,0,843
mirrormysteriesii,1,1,1,0,844
mirrorsedge,2,7,5,0,845
mishapiianintentionalhaunting,2,2,2,0,846
moebiusempirerising,1,1,1,0,847
molecontrol,5,16,15,0,848
monacowhatsyoursismine,6,11,16,0,849
mondaynightcombativpack,3,3,3,0,850
monochroma,5,10,8,0,851
monstermash,3,3,3,0,852
montas,2,7,13,0,853
mortalkombatkompleteedition,2,14,10,0,854
motogpiiii,1,8,13,0,855
motogpiiv,3,3,3,0,856
mountblade,2,2,2,0,857
mountbladecollection,7,13,14,0,858
mountbladewarband,2,2,2,0,859
mountbladewithfiresword,2,2,2,0,860
mudfimmotocrossworldchampionship,1,1,1,0,861
mudtv,1,8,13,0,862
munin,4,9,11,0,863
murderedsoulsuspect,6,11,16,0,864
murderminers,3,3,3,0,865
murderminersivpack,3,3,3,0,866
mxgpofficialmotocrossvideogame,5,10,8,0,867
mxvsatvreflex,2,2,2,0,868
mysterycasefileshuntsville,3,3,3,0,869
mysterycasefilesprimesuspects,3,3,3,0,870
mysterycasefilesravenhearst,3,3,3,0,871
mysterycasefilesreturntoravenhearst,3,3,3,0,872
napoleontotalwar,2,7,5,0,873
napoleontotalwarcollection,2,2,2,0,874
napoleontotalwarimperialeaglepack,6,11,14,0,875
narcoterror,2,2,2,0,876
narcoterroriipack,2,2,2,0,877
narutoshippudenultimateninjastormiiifullburst,7,13,14,0,878
nascariiv,2,14,10,0,879
navalwararcticcircle,6,11,16,0,880
navalwararcticcircleoperationtarnhelm,1,1,4,0,881
navalwarfare,1,8,13,0,882
nbaiiki0,7,15,14,0,883
nbaiikii,8,13,17,0,884
nbaiikiiii,7,15,14,0,885
nbaiikiiv,6,11,16,0,886
necronomicondawningofdarkness,4,9,6,0,887
necrovision,1,12,19,0,888
necrovisionlostcompany,1,8,13,0,889
neverwinterguardianofneverwinterpack,3,3,3,0,890
neverwinterheroofnorthpack,3,3,3,0,891
neverwinterknightoffeywildpack,3,3,3,0,892
nextbigthing,5,5,8,0,893
nextcargame,7,15,16,0,894
nicolaseymerichinquisitorbookiplague,5,10,7,0,895
nidhogg,7,13,14,0,896
nightmaresfromdeepcursedheart,1,12,9,0,897
nightofrabbit,1,8,13,0,898
nightshiftcode,12,19,18,0,899
nightsintodreams,2,2,2,0,900
nihilumbra,6,15,16,0,901
nikopolsecretsofimmortals,5,5,8,0,902
ninjablade,6,11,14,0,903
nosferatuwrathofmalachi,5,16,15,0,904
nosgothveteranpack,3,3,3,0,905
notimetoexplain,5,5,15,0,906
nppdrushmilkofultraviolet,5,16,15,0,907
nucleardawnfourpack,1,1,1,0,908
obludia,4,9,6,0,909
oddboxx,2,8,10,0,910
oddworldmunchsoddysee,2,2,5,0,911
offroaddrive,1,6,9,0,912
ofguardsandthieves,4,9,6,0,913
ofguardsandthievesivpack,3,3,3,0,914
oforcsandmen,1,14,13,0,915
oilrush,1,1,1,0,916
omertacityofgangsters,1,6,1,0,917
omertacityofgangstersgoldedition,1,1,1,0,918
omertacityofgangstersiipack,1,6,9,0,919
omikronnomadsoul,6,2,16,0,920
ooziearthadventure,1,1,1,0,921
operationflashpointcomplete,5,5,7,0,922
operationflashpointredriver,5,5,8,0,923
orb,5,16,15,0,924
orcsmustdieiicompletepack,2,2,2,0,925
orderofwar,1,14,13,0,926
outlast,2,2,2,0,927
overgrowth,6,11,16,0,928
overix000zombiesiipack,4,9,11,0,929
overlord,6,15,14,0,930
overlordii,6,15,14,0,931
pacificstorm,1,6,9,0,932
pacificstormallies,1,6,9,0,933
pacmanandghostlyadventures,1,12,1,0,934
pacmanchampionshipeditiondxplus,7,15,14,0,935
pacmanchampionshipeditiondxplusallyoucaneatedition,6,15,14,0,936
pacmanchampionshipeditiondxplusallyoucaneatpack,6,15,14,0,937
pacmanchampionshipeditiondxplusbigeatercourse,7,13,17,0,938
pacmanchampionshipeditiondxpluschampionshipiiiandhighwayiicourses,7,13,17,0,939
pacmanchampionshipeditiondxplusdigdugskin,7,13,17,0,940
pacmanchampionshipeditiondxplusmountaincourse,7,13,17,0,941
pacmanchampionshipeditiondxpluspacisbackskin,19,20,17,0,942
pacmanchampionshipeditiondxpluspacstepsbgm,7,13,17,0,943
pacmanchampionshipeditiondxplusrallyxskin,7,13,17,0,944
pacmanchampionshipeditiondxplusreentrancebgm,7,13,17,0,945
pacmanmuseum,2,2,5,0,946
painkillercompletepack,1,6,9,0,947
painkillerhellanddamnationdlcbundleii,2,7,10,0,948
painkillerhelldamnationdlcbundlei,2,2,2,0,949
painkilleroverdose,2,2,5,0,950
pandemonium,2,2,2,0,951
pandorafirstcontact,4,9,6,0,952
panzertacticshd,5,10,8,0,953
parkanii,1,1,9,0,954
partyofsin,1,12,1,0,955
patricianivriseofadynasty,1,8,10,0,956
paydayheist,2,7,12,0,957
paydayii,2,2,2,0,958
paydayiifourpack,2,2,2,0,959
perimeter,1,1,1,0,960
pickers,1,8,10,0,961
piratesofblackcove,1,6,9,0,962
pixeljunkedensoundtrackbundle,6,11,16,0,963
pixeljunkmonstersultimateiipack,1,12,19,0,964
pixelpiracy,7,13,14,0,965
planetaryannihilation,2,14,5,0,966
planetsunderattack,2,14,5,0,967
pofvscursedkitty,5,16,15,0,968
portroyaleiii,1,12,4,0,969
portroyaleiiidawnofpiratesdlc,1,8,13,0,970
portroyaleiiifourpack,1,12,4,0,971
portroyaleiiiharbourmasterdlc,1,8,13,0,972
postaliicompleteivpack,5,16,15,0,973
postapocalypticmayhem,5,5,15,0,974
postapocalypticmayhemiiipack,1,1,9,0,975
postmortem,5,16,9,0,976
postmortemonemustdieextendedcut,5,16,15,0,977
pressure,2,14,12,0,978
pressured,4,9,6,0,979
princeofpersia,1,12,19,0,980
princeofpersiaforgottensands,1,12,19,0,981
princeofpersiasandsoftime,7,13,14,0,982
princeofpersiatwothrones,7,13,14,0,983
princeofpersiawarriorwithin,7,13,14,0,984
princessisabella,1,1,1,0,985
princessisabellareturnofcurse,1,1,1,0,986
proevolutionsoccerii0iiv,5,10,8,0,987
professionalfarmerii0iiv,2,7,5,0,988
professionalfarmerii0iivamericadlc,5,16,15,0,989
professionalfarmerii0iivcollectorsedition,2,2,5,0,990
professionalfarmerii0iivplatinumedition,5,16,15,0,991
projectroot,5,4,7,0,992
projecttemporality,5,10,8,0,993
promisedland,1,1,9,0,994
prototype,7,13,14,0,995
ptboatsgold,1,8,13,0,996
puddle,1,8,10,0,997
puzzlekingdoms,1,1,4,0,998
puzzlequestii,2,2,2,0,999
puzzlerworld,1,1,4,0,1000
puzzlerworldii,1,6,9,0,1001
pyromancerpack,3,3,3,0,1002
quakeiv,7,15,14,0,1003
quantumconundrum,1,12,4,0,1004
quantumconundrumseasonpass,2,2,2,0,1005
quantz,12,19,18,0,1006
qube,1,12,4,0,1007
qubedirectorscut,5,10,8,0,1008
qubegameandsoundtrackbundle,2,2,2,0,1009
questforinfamy,3,3,3,0,1010
questofdungeons,1,8,13,0,1011
questrun,5,10,15,0,1012
racingmanagerii0iiv,1,8,10,0,1013
radicalroachdeluxeedition,4,4,7,0,1014
ragerunner,5,10,8,0,1015
railroadpioneer,4,4,7,0,1016
railroadtycooncollection,2,2,2,0,1017
railroadx,5,10,15,0,1018
rambovideogame,2,7,10,0,1019
raymanlegends,8,13,14,0,1020
raymanorigins,1,14,10,0,1021
raymanravingrabbids,2,2,2,0,1022
rccars,1,1,9,0,1023
realboxing,4,9,11,0,1024
reallybigsky,1,12,1,0,1025
realmsofarkaniabladeofdestiny,2,7,5,0,1026
realmsofarkaniatrilogyclassicbundle,6,11,2,0,1027
realmsofhaunting,4,4,7,0,1028
realwarfareiiiivii,1,8,10,0,1029
realwarfareiinortherncrusades,1,6,4,0,1030
realworldracingivpack,1,1,1,0,1031
reaxxion,1,8,10,0,1032
redfaction,2,2,2,0,1033
redfactionarmageddon,2,2,2,0,1034
redfactioncollection,6,11,16,0,1035
redneckracers,5,10,8,0,1036
redorchestraostfrontiviivv,1,6,8,0,1037
reignconflictofnations,1,8,13,0,1038
rekoil,1,1,1,0,1039
rekoiliiipack,2,2,2,0,1040
rememberme,1,6,1,0,1041
renegadeops,2,2,2,0,1042
residenteviloperationraccooncity,1,14,10,0,1043
residentevilrevelations,2,2,5,0,1044
residentevilv,7,13,17,0,1045
residentevilvi,6,11,16,0,1046
restaurantempireii,5,16,9,0,1047
retrobooster,4,9,6,0,1048
returntocastlewolfenstein,7,15,14,0,1049
returntomysteriousisland,1,1,1,0,1050
returntomysteriousislandii,1,1,1,0,1051
revengeoftitans,6,11,16,0,1052
rhiannoncurseoffourbranches,5,10,8,0,1053
ridetohellretribution,1,12,9,0,1054
ridgeracerunbounded,1,6,8,0,1055
rignroll,1,8,13,0,1056
riptrilogy,3,3,3,0,1057
risen,1,6,9,0,1058
riseniidarkwaters,1,6,19,0,1059
riseniidarkwaterscollection,3,3,3,0,1060
riseniiititanlords,3,3,3,0,1061
riseoftriadivpack,6,11,2,0,1062
riseofvenice,1,8,13,0,1063
riseofvenicebeyondsea,1,8,13,0,1064
risingstorm,2,2,2,0,1065
riskofrain,7,15,14,0,1066
robinhoodlegendofsherwood,3,3,3,0,1067
rocksmithii0iiv,13,17,17,0,1068
roguelegacy,2,2,5,0,1069
romanceofrome,6,11,14,0,1070
rometotalwaralexander,6,11,16,0,1071
rometotalwarcollection,6,11,16,0,1072
rometotalwarcomplete,3,3,3,0,1073
roogoo,1,8,10,0,1074
rotastic,1,8,10,0,1075
rpgmakervxace,2,2,2,0,1076
runawayaroadadventure,1,8,13,0,1077
ruse,1,12,19,0,1078
rusedlcii,2,7,5,0,1079
rush,1,8,13,0,1080
rushbrosiipack,2,7,10,0,1081
rust,3,3,3,0,1082
sacredcitadel,2,14,12,0,1083
sacrediii,3,3,3,0,1084
sacrifice,2,7,5,0,1085
saintsrowfranchisepack,2,2,2,0,1086
saintsrowiv,2,14,10,0,1087
saintsrowivcommanderinchiefpack,6,11,16,0,1088
saintsrowiventerdominatrix,2,7,12,0,1089
saintsrowivexecutiveprivilegepack,6,11,16,0,1090
saintsrowivgameofcenturyedition,3,3,3,0,1091
saintsrowivgrassrootspack,6,11,16,0,1092
saintsrowivpresidentialpack,6,11,16,0,1093
saintsrowivseasonpass,2,2,2,0,1094
saintsrowthird,1,6,9,0,1095
saintsrowthirdfullpackage,1,12,19,0,1096
salvationprophecy,1,1,1,0,1097
samanthaswiftandgoldentouch,2,7,12,0,1098
samanthaswiftandhiddenrosesofathena,2,7,12,0,1099
sanctumivpack,1,8,13,0,1100
sangfroidtalesofwerewolves,2,7,5,0,1101
satazius,1,1,1,0,1102
scarygirl,1,14,12,0,1103
schoolbusfun,4,9,11,0,1104
scourgeoutbreakambrosiabundle,1,1,1,0,1105
screencheat,4,9,6,0,1106
secretfilesfranchisepack,1,8,1,0,1107
secretfilesiii,2,14,12,0,1108
secretfilesiipuritascordis,3,3,3,0,1109
secretfilespuritascordis,6,15,14,0,1110
secretfilessampeters,2,2,2,0,1111
secretfilestunguska,6,11,14,0,1112
secretofhildegards,1,1,9,0,1113
secretsofraetikon,1,8,1,0,1114
secretworld,2,8,12,0,1115
segabassfishing,2,7,10,0,1116
selknamdefense,3,3,3,0,1117
sengoku,1,6,15,0,1118
sentineliiihomeworld,1,8,1,0,1119
serioussamcompletepack,1,1,4,0,1120
serioussamhddoublepack,1,8,10,0,1121
serioussamhdfirstencounterfourpack,1,8,10,0,1122
serioussamhdsecondencounterfourpack,1,8,10,0,1123
serioussamiiibfe,1,5,19,0,1124
settlersheritageofkings,2,2,2,0,1125
shadowgrounds,1,8,13,0,1126
shadowgroundssurvivor,1,8,13,0,1127
shadowwarrior,1,1,1,0,1128
shankii,1,8,4,0,1129
shannontweedsattackofgroupies,1,8,1,0,1130
shatteredplanet,4,9,11,0,1131
sherlockholmesandhoundofbaskervilles,2,2,5,0,1132
sherlockholmescrimesandpunishments,3,3,3,0,1133
shinyfirefly,4,4,7,0,1134
shipsimulatorextremes,1,8,12,0,1135
shipsimulatorextremescollection,6,11,16,0,1136
shipsimulatorextremesinlandshipping,1,1,4,0,1137
shipsimulatormaritimesearchandrescue,4,9,11,0,1138
showdowneffect,1,8,13,0,1139
showtime,1,1,1,0,1140
sidmeiersacepatrol,1,12,19,0,1141
sidmeiersacepatrolbundle,2,2,2,0,1142
sidmeiersacepatrolpacificskies,1,8,13,0,1143
sidmeierscivilizationiv,2,7,12,0,1144
sidmeierscivilizationivbeyondsword,2,7,12,0,1145
sidmeierscivilizationivcolonization,2,7,12,0,1146
sidmeierscivilizationivcompleteedition,6,11,14,0,1147
sidmeierscivilizationivwarlords,2,7,12,0,1148
sidmeierscivilizationv,2,7,12,0,1149
sidmeierscivilizationvbravenewworld,6,11,16,0,1150
sidmeierscivilizationvcompleteedition,6,15,16,0,1151
sidmeierspirates,2,2,2,0,1152
sidmeiersrailroads,6,11,16,0,1153
silenthunteriii,2,2,2,0,1154
silenthuntervbattleofatlantic,1,5,8,0,1155
silverfall,1,8,13,0,1156
silverfallearthawakening,1,8,13,0,1157
simcityivdeluxe,2,2,2,0,1158
simsiii,3,3,3,0,1159
simsiiifastlanestuff,2,2,2,0,1160
simsiiiintofuture,1,12,1,0,1161
simsiiiseasons,1,14,10,0,1162
sinemora,1,8,10,0,1163
singularity,9,17,17,0,1164
skullgirlsiipack,8,13,14,0,1165
skullgirlsivpack,8,13,14,0,1166
skullsofshogunivpack,2,2,5,0,1167
skydrift,1,8,13,0,1168
skyscrapersimulator,1,12,1,0,1169
sleepingdogscollection,2,7,12,0,1170
sleepingdogsdlccollection,1,12,1,0,1171
sniperelite,2,7,5,0,1172
snipereliteiii,4,9,6,0,1173
sniperelitenazizombiearmy,2,2,2,0,1174
sniperelitenazizombiearmyii,2,11,2,0,1175
sniperelitenazizombiearmyivpack,2,2,5,0,1176
sniperelitevii,1,12,4,0,1177
snipereliteviineudorfoutpostpack,7,15,14,0,1178
sniperghostwarriorgoldedition,6,11,16,0,1179
sniperghostwarriorii,1,14,10,0,1180
soldiersheroesofworldwarii,20,20,18,0,1181
sonarxiiiproducerupgrade,2,2,12,0,1182
sonicadventureii,6,11,16,0,1183
sonicandallstarsracingtransformed,1,12,4,0,1184
sonicgenerations,2,2,5,0,1185
sonichedgehogivepisodei,6,11,16,0,1186
sonichedgehogivepisodeii,2,2,2,0,1187
sonichitscollection,1,12,19,0,1188
sonicsegaallstarsracing,5,10,8,0,1189
soulbringer,5,16,15,0,1190
soulgambler,4,9,11,0,1191
southparkstickoftruth,12,19,17,0,1192
southparkstickoftruthultimatefellowshippack,12,19,17,0,1193
spacechannelvpartii,2,7,10,0,1194
spaceengineers,1,14,13,0,1195
spacefarmers,5,10,8,0,1196
spaceforcerogueuniverse,2,2,2,0,1197
spacehulkiipack,6,11,16,0,1198
spacerangershdawarapart,2,11,2,0,1199
spacesiege,1,8,13,0,1200
spacetradermerchantmarine,1,1,4,0,1201
specialforcesteamx,1,6,9,0,1202
specopsline,1,14,4,0,1203
speedkills,4,4,11,0,1204
spellforceiidemonsofpast,6,15,14,0,1205
spellforceiifaithindestiny,2,14,12,0,1206
spellforceiifaithindestinyscenariobundle,2,7,12,0,1207
spellforceiigoldedition,2,7,5,0,1208
spintires,4,4,7,0,1209
spoileralert,4,9,7,0,1210
stacking,1,12,13,0,1211
stalkercallofpripyat,1,6,19,0,1212
stalkershadowofchernobyl,6,11,16,0,1213
stardrive,1,8,4,0,1214
starpointgeminiii,1,1,1,0,1215
starruler,1,1,1,0,1216
startopia,2,2,2,0,1217
startrekonlinelegacypack,7,15,14,0,1218
starvoid,2,7,5,0,1219
starwolves,1,6,1,0,1220
starwolvesii,1,6,1,0,1221
starwolvesiiicivilwar,2,7,10,0,1222
stealthbastarddeluxe,2,8,10,0,1223
stealthbastarddeluxeplussoundtrack,1,8,10,0,1224
steelandsteamepisodei,4,9,6,0,1225
steelstormburningretributionfourpack,5,4,7,0,1226
stellarimpact,1,8,13,0,1227
stilllife,5,16,15,0,1228
stilllifeii,5,16,15,0,1229
stormfrontlinenation,1,6,1,0,1230
storminateacup,6,11,16,0,1231
streetfighteriv,6,11,16,0,1232
streetfighterxtekken,1,14,10,0,1233
streetracingsyndicate,4,4,7,0,1234
strider,8,13,14,0,1235
strikesuitzero,2,2,2,0,1236
strikesuitzerodirectorscut,5,16,15,0,1237
strongholdcollection,1,8,4,0,1238
strongholdcrusaderii,3,3,3,0,1239
strongholdcrusaderiispecialedition,3,3,3,0,1240
strongholdiii,4,9,11,0,1241
strongholdiiigold,1,14,10,0,1242
substanceindiepack,2,2,5,0,1243
substancepainter,4,9,20,0,1244
sudokuballdetective,5,4,8,0,1245
summerathletics,6,11,14,0,1246
supermeatboy,1,8,10,0,1247
superpandaadventures,4,9,6,0,1248
supersplatters,2,7,12,0,1249
superstreetfighterivarcadeedition,1,14,12,0,1250
supremecommander,2,7,12,0,1251
supremecommanderforgedalliance,2,7,12,0,1252
supremecommandergoldedition,1,1,1,0,1253
supremecommanderii,2,7,5,0,1254
supremerulercoldwar,1,5,8,0,1255
swordofstarscompletecollection,1,6,9,0,1256
swordofstarsiienhancededition,2,2,5,0,1257
swordofstarsiilordsofwinter,4,9,6,0,1258
syberia,1,1,1,0,1259
syberiaii,1,1,1,0,1260
symphony,2,7,12,0,1261
takedownredsabre,5,5,7,0,1262
takedownredsabrefourpack,5,5,7,0,1263
taleoftalescompletepack,8,13,17,0,1264
talesfromdragonmountainstrix,1,8,13,0,1265
talismandigitaleditionfourpack,6,15,14,0,1266
tankoperationseuropeancampaign,1,8,13,0,1267
tankuniversal,1,1,4,0,1268
teenagemutantninjaturtlesoutofshadows,6,11,16,0,1269
teleglitchdiemoreedition,2,7,12,0,1270
telltaletexasholdem,1,8,13,0,1271
teslagrad,2,2,5,0,1272
testamentofsherlockholmes,1,12,1,0,1273
testdriveferrariracinglegends,1,12,1,0,1274
testdriveunlimitedii,2,2,2,0,1275
theatreofabsurd,1,8,1,0,1276
theatreofwariiafricaiixiviii,1,8,10,0,1277
theatreofwariicentauro,1,6,1,0,1278
theatreofwariiikorea,1,8,12,0,1279
theatreofwariikurskiixiviii,2,2,16,0,1280
themsummoning,5,10,8,0,1281
thief,2,7,12,0,1282
thiefcollection,1,14,10,0,1283
thiefmasterthiefedition,2,7,12,0,1284
thirdeyecrime,3,3,3,0,1285
thunderwolves,1,14,13,0,1286
tinybangstory,1,6,15,0,1287
tinybrains,1,6,15,0,1288
tinytroopers,1,6,9,0,1289
titanquest,2,2,2,0,1290
titanquestgold,2,2,5,0,1291
titanquestimmortalthrone,2,2,5,0,1292
tokitori,1,1,4,0,1293
tokitoriiiplus,1,1,1,0,1294
tombraider,1,6,9,0,1295
tombraideranniversary,2,2,2,0,1296
tombraidercollection,2,2,5,0,1297
tombraidergotyedition,2,7,12,0,1298
tombraidersurvivaledition,5,5,8,0,1299
tombraiderunderworld,1,12,19,0,1300
tomclancysendwar,8,13,14,0,1301
tomclancysghostreconadvancedwarfighter,7,13,14,0,1302
tomclancysghostreconadvancedwarfighterii,7,13,14,0,1303
tomclancysghostreconfuturesoldier,1,6,9,0,1304
tomclancysghostreconfuturesoldierravenstrikedlc,8,13,14,0,1305
tomclancysghostreconfuturesoldierseasonpass,7,13,14,0,1306
tomclancyshawx,8,13,14,0,1307
tomclancyshawxii,1,6,1,0,1308
tomclancysrainbowsixlockdown,8,13,14,0,1309
tomclancysrainbowsixvegas,8,13,14,0,1310
tomclancysrainbowsixvegasii,8,13,14,0,1311
tomclancyssplintercell,7,13,14,0,1312
tomclancyssplintercellblacklist,1,12,4,0,1313
tomclancyssplintercellblacklistdeluxeedition,2,14,10,0,1314
tomclancyssplintercellchaostheory,7,13,14,0,1315
tomclancyssplintercellconviction,7,13,14,0,1316
tomclancyssplintercellconvictiondeluxeedition,2,2,2,0,1317
tomclancyssplintercelldoubleagent,7,13,14,0,1318
tomoongameandsoundtrackbundle,2,2,5,0,1319
tonyhawksproskaterhd,7,13,14,0,1320
torchlightiiivpack,2,7,12,0,1321
totalprogolfiii,3,3,3,0,1322
totalwarbattlesshogun,1,8,10,0,1323
totalwargrandmastercollection,6,11,16,0,1324
totalwarmastercollection,2,2,2,0,1325
totalwarromeii,6,11,16,0,1326
totalwarshogunii,1,6,8,0,1327
totalwarshoguniicollection,7,15,14,0,1328
totalwarshoguniifallofsamurai,1,6,8,0,1329
totalwarshoguniifallofsamuraicollection,6,11,16,0,1330
towerwarsfriendpack,2,7,5,0,1331
towerwarsteampack,2,7,5,0,1332
towtrucksimulatorii0iv,2,7,10,0,1333
tradewindscaravans,3,3,3,0,1334
trainzsimulatoriii,1,14,13,0,1335
trainzsimulatoriiicoronationscot,2,7,12,0,1336
trainzsimulatoriiiprrti,1,8,10,0,1337
transformersfallofcybertron,9,17,17,0,1338
transformersfallofcybertronmassivefurypack,9,17,17,0,1339
transformersriseofdarkspark,3,3,3,0,1340
transformerswarforcybertron,1,14,12,0,1341
transistor,7,13,16,0,1342
trappeddead,1,16,9,0,1343
treasuresofmontezumaiv,5,16,15,0,1344
trialsevolutiongoldedition,7,15,14,0,1345
trialsfusion,1,1,1,0,1346
trialsfusiondeluxeedition,5,16,15,0,1347
trialsfusionseasonpass,2,7,13,0,1348
trijinx,3,3,3,0,1349
trinecompletecollection,1,12,1,0,1350
trineii,1,8,13,0,1351
trineiicompletestoryiiipack,1,1,9,0,1352
tropicoiii,2,2,5,0,1353
tropicoiiiabsolutepower,1,8,10,0,1354
tropicoiiigoldedition,1,8,10,0,1355
tropicoiv,1,8,4,0,1356
tropicoivcollectorsbundle,2,8,10,0,1357
tropicoreloaded,6,11,16,0,1358
tropicotrilogy,2,2,2,0,1359
tropicov,5,16,15,0,1360
tropicoviipack,5,16,15,0,1361
tropicovivpack,5,16,15,0,1362
truckracer,1,12,1,0,1363
tryst,1,12,1,0,1364
trystivpack,6,11,14,0,1365
trystpremiumedition,6,11,14,0,1366
twinsector,1,1,9,0,1367
twotribesbundle,1,1,1,0,1368
twotribesclassicspack,4,9,11,0,1369
twoworldsii,1,8,10,0,1370
twoworldsiicastledefense,2,2,2,0,1371
twoworldsiipiratesofflyingfortress,1,6,4,0,1372
twoworldsiivelvetedition,1,8,10,0,1373
tycooncitynewyork,1,8,13,0,1374
typerider,1,6,9,0,1375
typingofdeadoverkill,2,2,5,0,1376
typingofdeadthoufilthylovecollection,6,11,2,0,1377
ufoafterlight,6,11,2,0,1378
ufoaftermath,5,16,15,0,1379
ufoaftershock,1,16,9,0,1380
ufoextraterrestrialsgold,8,13,17,0,1381
ultrastreetfighteriv,3,3,3,0,1382
ultrastreetfighterivupgrade,3,3,3,0,1383
undergarden,6,11,16,0,1384
unityofcommandtrilogybundle,5,16,15,0,1385
unstoppablegorg,2,2,2,0,1386
unwellmel,3,3,3,0,1387
urbanchaos,2,2,2,0,1388
vampiremasqueradebloodlines,7,15,14,0,1389
velvetassassin,1,8,13,0,1390
verticaldropheroeshd,3,3,3,0,1391
vertiginousgolf,2,2,12,0,1392
victoriacollection,7,15,14,0,1393
victoriaii,2,7,12,0,1394
victoriaiiaheartofdarkness,2,2,5,0,1395
victoriaiiahousedivided,1,6,9,0,1396
viiwondersii,1,8,13,0,1397
viiwondersmagicalmysterytour,2,2,5,0,1398
viiwondersofancientworld,2,2,5,0,1399
viiwonderstreasuresofseven,2,2,2,0,1400
vikingbattleforasgard,2,2,2,0,1401
vikingbrothers,1,1,9,0,1402
vikingsandrosesunleashwarpack,3,3,3,0,1403
virtuatennisiv,1,8,12,0,1404
viviiiviiiihunterkiller,1,12,9,0,1405
void,7,13,17,0,1406
voodoowhisperercurseofalegend,1,1,1,0,1407
walkingdead,2,2,2,0,1408
walkingdeadiv00days,6,11,16,0,1409
walkingdeadsurvivalinstinct,2,7,12,0,1410
wallaceandgromitsgrandadventures,1,1,1,0,1411
warehouseandlogisticssimulator,2,7,12,0,1412
warfare,7,15,17,0,1413
warforoverworldbedrockbeta,1,12,19,0,1414
warforoverworldunderlordedition,2,7,10,0,1415
wargameairlandbattle,1,6,9,0,1416
wargameeuropeanescalation,1,6,15,0,1417
wargamefranchisepack,1,1,9,0,1418
wargamereddragon,1,8,13,0,1419
warhammeriv0000dawnofwarii,2,8,12,0,1420
warhammeriv0000dawnofwariichaosrising,2,2,2,0,1421
warhammeriv0000dawnofwariigrandmastercollection,4,4,7,0,1422
warhammeriv0000dawnofwariimastercollection,6,11,16,0,1423
warhammeriv0000dawnofwariiretribution,2,2,2,0,1424
warhammeriv0000dawnofwariiretributioncompletedlccollection,6,11,16,0,1425
warhammeriv0000dawnofwarmastercollection,4,4,7,0,1426
warhammeriv0000killteam,5,16,15,0,1427
warhammeriv0000spacemarine,2,2,2,0,1428
warhammeriv0000spacemarinedeathguardchampionchapterpackdlc,6,11,16,0,1429
warhammeriv0000spacemarinedreadnoughtdlc,6,11,16,0,1430
warhammeriv0000spacemarineironhandschapterpackdlc,6,11,16,0,1431
warlockiiexiled,2,2,5,0,1432
warlockiiexiledlordedition,2,2,2,0,1433
warlockmasterofarcane,2,7,12,0,1434
warofroses,9,13,14,0,1435
warofroseskingmaker,1,8,10,0,1436
warofroseskingmakerfourpack,2,2,5,0,1437
warofvikingsbloodeagleedition,8,13,17,0,1438
warofvikingsivpack,1,12,13,0,1439
warriorkings,4,4,7,0,1440
warriorkingsbattles,4,4,7,0,1441
wastelandangel,1,8,13,0,1442
watchdogs,14,18,17,0,1443
watchdogsdigitaldeluxeedition,3,3,3,0,1444
watchdogsseasonpass,3,3,3,0,1445
waves,1,5,9,0,1446
wavessoundtrack,3,3,3,0,1447
westward,3,3,3,0,1448
whereangelscry,2,7,10,0,1449
whisperingwillows,4,9,11,0,1450
whitehavenmysteries,1,1,1,0,1451
wildlifeparkiii,5,10,15,0,1452
wildlifeparkiimarineworld,3,3,3,0,1453
wingsovereurope,5,4,8,0,1454
witcherenhancededitiondirectorscut,2,8,10,0,1455
witcheriiiwildhunt,3,3,3,0,1456
wolfamongus,7,13,14,0,1457
wolfensteiniiid,7,15,14,0,1458
wolfensteinneworder,6,15,16,0,1459
woodensensey,1,12,13,0,1460
worldinconflictcompleteedition,6,11,16,0,1461
worldinconflictsovietassault,2,2,2,0,1462
worldofanimalspetsnpalscollection,2,7,13,0,1463
worldofzoo,6,11,14,0,1464
worldwariiiblackgold,2,2,5,0,1465
worldwariipanzerclaws,2,2,5,0,1466
worms,1,1,4,0,1467
wormsclanwars,1,8,13,0,1468
wormscrazygolf,1,1,4,0,1469
wormscrazygolffunpack,6,11,16,0,1470
wormsrevolution,2,2,2,0,1471
wormsrevolutionivpack,2,8,10,0,1472
wormsrevolutionseasonpass,6,11,16,0,1473
wormsultimatemayhem,1,5,19,0,1474
wrcivfiaworldrallychampionship,1,6,9,0,1475
wrcpowerslide,8,13,17,0,1476
xblades,1,8,4,0,1477
xcomenemyunknown,1,14,10,0,1478
xcomenemyunknownelitesoldierpack,6,11,16,0,1479
xcomenemywithin,7,15,14,0,1480
xiiicenturygoldedition,3,3,3,0,1481
xiiiterranconflict,2,2,2,0,1482
xiiiterranwarpack,1,1,4,0,1483
xpandrallyxtreme,5,5,7,0,1484
xrebirth,12,17,17,0,1485
xsuperbox,6,11,14,0,1486
yarsrevenge,2,8,10,0,1487
yesterday,1,6,9,0,1488
z,4,9,11,0,1489
zambbiomutantextermination,4,9,6,0,1490
zeit,2,2,2,0,1491
zenoclash,2,7,5,0,1492
zombiebowlorama,2,7,12,0,1493
zombiesolitaire,4,9,11,0,1494
zombietycooniibrainhovsrevenge,2,2,5,0,1495
zombietycooniibrainhovsrevengetwopack,6,11,16,0,1496
