sgameName,gamename,discount,day,origin
abysswraithsofeden,Abyss: The Wraiths of Eden,0.13,7,7.99
acecombatassaulthorizonenhancededition,Ace Combat Assault Horizon - Enhanced Edition,0.88,7,19.99
acitysleepsdeluxeedition,A City SleepsTM,1,35,17.99
actofwardirectaction,Act of War: Direct Action,0.15,7,9.99
adamsventureepisodeiiirevelations,Adam's Venture Episode 3: Revelations,0.13,7,4.99
adamsventureepisodeisearchforlostgarden,Adam's Venture Episode 1: The Search For The Lost Garden,0.13,7,4.99
adventurepark,Adventure Park,0.88,7,29.99
adventurezatorwhenpigsfly,Adventurezator: When Pigs Fly,1,7,14.99
afterfallinsanitydirtyarenaedition,Afterfall Insanity -  Dirty Are Edition,0.11,7,0.99
afterfallinsanityextendededition,Afterfall Insanity Extended Edition,0.22,7,4.99
agameofdwarves,A Game of Dwarves,0.15,7,9.99
agameofthronesgenesis,A Game of Thrones - Genesis,2,7,19.99
ageofbooty,Age of BootyTM,0.11,7,4.99
ageofempiresiiicompletecollection,Age of Empires III: Complete Collection,0.88,7,39.99
agfprofantasysidescrollerplayer,Axis Game Factory's AGFPRO Fantasy Side-Scroller Player,1.5,49,14.99
agriculturalsimulatorhistoricalfarming,Agricultural Simulator: Historical Farming,0.12,7,14.99
agriculturalsimulatorii0iiextendededition,Agricultural Simulator 2011: Extended Edition,0.22,7,6.99
aimiiclanwars,A.I.M.2 Clan Wars,0.13,7,4.99
airconflictspacificcarriersivpack,Air Conflicts: Pacific Carriers,1.47,7,59.99
airconflictssecretwars,Air Conflicts: Secret Wars,0.3,7,9.99
airconflictsvietnamivpack,Air Conflicts: Vietm,0.95,7,89.99
airlinetycoonii,Airline Tycoon 2,0.11,7,19.99
airportsimulatorii0iiv,Airport Simulator 2014,1.5,7,14.99
alanwake,Alan Wake,0.88,7,29.99
alanwakesamericannightmare,Alan Wake's American Nightmare,0.22,7,9.99
alienbreediiassault,Alien Breed 2: Assault,0.23,7,9.99
alienbreediiidescent,Alien Breed 3: Descent,0.23,7,9.99
alienbreedimpact,Alien Breed: Impact,0.23,7,9.99
alienscolonialmarines,Medieval II: Total WarTM Kingdoms,1.47,7,14.99
alienscolonialmarinesbughuntdlc,Cabela's Dangerous Hunts 2013 DLC,1.5,7,9.99
alienscolonialmarinesmoviemappack,Cabela's Dangerous Hunts 2013,0.15,7,9.99
alienspidy,Alien Spidy,0.15,7,9.99
aliensversuspredatorclassicii000,Aliens versus Predator Classic 2000,0.66,7,4.99
aliensvspredator,Empire: Total WarTM - Elite Units of the East,0.15,7,14.99
aloneindark,Alone in the Dark,0.15,7,9.99
aloneindarknewnightmare,Alone in the Dark: The New Nightmare,0.12,7,6.99
alphazylon,Alpha Zylon,0.11,7,4.99
alterego,Alter Ego,0.3,7,9.99
amazingspiderman,The Amazing Spider-ManTM,0.83,7,49.99
amazingspidermanii,The Amazing Spider-Man 2TM,0.83,7,39.99
anachronox,Achronox,0.12,7,6.99
anewbeginningfinalcut,A New Beginning - Fil Cut,0.15,7,9.99
angelicaweavercatchmewhenyoucan,Angelica Weaver: Catch Me When You Can,1.5,7,13.99
angvik,Angvik,0.11,7,2.99
annoii0vii0completeedition,Anno 2070TM,0.95,7,49.99
annoii0vii0deepocean,Anno 2070TM - Deep Ocean,0.3,7,19.99
anomalywarzoneearth,Anomaly: Warzone Earth,0.15,14,9.99
anotherperspective,Another Perspective,0.12,7,5.99
antichamber,Antichamber,1,7,19.99
arcaneworlds,Arcane Worlds,0.15,70,9.99
arcaniafallofsetarrif,ArcaniA: Fall of Setarrif,1.5,7,14.99
arcaniagothiciv,ArcaniA,1,7,19.99
armadaiiviivi,Armada 2526,1.5,7,14.99
armadaiiviivigoldedition,Armada 2526 Gold Edition,1.5,7,19.99
armaiii,Arma 3,0.95,7,59.99
arsenalofdemocracy,Arsel of Democracy: A Hearts of Iron Game,0.15,7,9.99
ascensiontothrone,Ascension to the Throne,0.11,7,4.99
assassinscreedbrotherhood,Assassins Creed Brotherhood,1.5,7,19.99
assassinscreedfreedomcry,Assassin's Creed Freedom Cry,1,7,14.99
assassinscreediideluxeedition,Assassin's Creed 2 Deluxe Edition,1,7,19.99
assassinscreediiibattlehardenedpack,Assassins Creed III  The Battle Hardened Pack,0.15,7,9.99
assassinscreediiideluxeedition,Assassins Creed III,0.95,7,49.99
assassinscreediiihiddensecretspack,Assassins Creed III  The Hidden Secrets Pack,0.11,7,4.99
assassinscreediiiseasonpass,Assassins Creed III Season Pass,0.88,7,29.99
assassinscreediiityrannyofkingwashingtonpartiibetrayal,Assassins Creed III: The Betrayal,0.15,7,9.99
assassinscreediiityrannyofkingwashingtonpartiiiredemption,Assassins Creed III - The Tyranny of King Washington: The Redemption,0.66,7,7.99
assassinscreediiityrannyofkingwashingtonpartiinfamy,Assassin's Creed III Tyranny of King Washington: The Infamy,0.15,7,9.99
assassinscreedivblackflag,Assassins Creed IV Black FlagTM,1.47,7,39.99
assassinscreedivblackflagfreedomcry,Assassins Creed IV Black FlagTM  Freedom Cry,0.15,7,9.99
assassinscreedivblackflagillustriouspiratespack,Assassins CreedIV Black FlagTM - Illustrious Pirates Pack,0.66,7,6.99
assassinscreedivblackflagseasonpass,Assassins Creed IV Black FlagTM - Season Pass,1,7,19.99
assassinscreedliberationhd,Assassins Creed Liberation HD,1,7,19.99
assassinscreedrevelations,Assassin's Creed Revelations,2,7,19.99
assassinscreedrevelationslostarchive,Assassin's Creed Revelations - The Lost Archive,0.15,7,9.99
assassinscreedrevelationsmediterraneantravelermappack,Assassin's Creed Revelations - Mediterranean Traveler Map Pack,0.15,7,9.99
atrainviii,A-Train 8,0.88,7,19.99
avadonblackfortress,Avadon: The Black Fortress,0.15,7,9.99
avadoniicorruption,Avadon 2: The Corruption,0.15,7,9.99
avernumiv,Avernum 4,0.11,7,4.99
aveyondgatesofnight,Aveyond: Gates of Night,0.15,7,9.99
awalkindark,A Walk in the Dark,0.12,14,6.99
awizardslizard,A Wizard's Lizard,1,7,14.99
axisgamefactory,Axis Game Factory,1,84,19.99
axisgamefactorypremium,Axis Game Factory Premium,0.88,84,79.99
axisgamefactorysagfprozombiefpsplayerdlc,Axis Game Factory's AGFPRO Zombie FPS Player DLC,0.18,42,14.99
aztaka,Aztaka,0.15,7,9.99
babelrising,Babel Rising,0.15,7,9.99
badbots,Bad Bots,0.23,7,4.99
baldursgateenhancededition,Baldur's Gate: Enhanced Edition,1,7,19.99
baldursgateiienhancededition,Baldur's Gate II: Enhanced Edition,0.83,7,24.99
ball,The Ball,0.3,7,9.99
balladofsolar,Ballad of Solar,0.12,7,6.99
bangbangracing,Bang Bang Racing,0.15,7,9.99
banished,Banished,1,7,19.99
bannersaga,The Banner Saga,1,7,19.99
bastion,Bastion,1.5,7,14.99
batmanarkhamasylumgotyedition,Batman: Arkham Asylum Game of the Year Edition,1,7,19.99
batmanarkhamcitygameofyearedition,Batman: Arkham City - Game of the Year Edition,0.88,7,19.99
batmanarkhamorigins,BatmanTM: Arkham Origins,1.47,7,19.99
battlepaths,Battlepaths,0.11,7,4.99
battlestationsmidway,Battlestations: Midway,0.23,7,6.99
battlestationspacific,Battlestations Pacific,0.3,7,8.99
battleworldskronosdigitaldeluxeedition,Battle Worlds: Kronos,1,7,24.99
bejewelediii,Bejeweled 3,0.23,7,4.99
beyondgoodandevil,Beyond Good and EvilTM,0.15,7,9.99
binarydomain,Biry Domain,2,7,14.99
binarydomaindanmarshallpack,Biry Domain - Dan Marshall Pack,0.11,7,1.99
binarydomainmultiplayermappack,Biry Domain - Multiplayer Map Pack,0.13,7,1.99
bioshock,BioShockTM,0.3,7,19.99
bioshockinfinite,BioShock Infinite,1.47,7,29.99
bioshockinfiniteburialatseaepisodei,BioShock Infinite: Burial at Sea - Episode One,1.5,7,14.99
bioshockinfiniteburialatseaepisodeii,BioShock Infinite: Burial at Sea - Episode Two,1.5,7,14.99
bioshockinfiniteseasonpass,BioShock Infinite - Season Pass,1,7,19.99
blackbayasylum,Blackbay Asylum,1,7,19.99
blackink,Black Ink,2,42,99.99
blacklighttangodown,Blacklight: Tango Down,0.11,7,0.99
blackmirror,Black Mirror,0.15,7,9.99
bladekitten,Blade Kitten,0.15,7,5.99
blockland,Blockland,0.15,7,9.99
bloodbath,Bloodbath,1,7,19.99
bloodbowlchaosedition,Blood Bowl: Chaos Edition,0.88,7,29.99
bloodbowllegendaryedition,Blood Bowl Legendary Edition,2,7,19.99
bloodknights,Blood Knights,1.5,7,14.99
bloodofwerewolf,Blood of the Werewolf,0.23,7,6.99
bloodomeniilegacyofkain,Blood Omen 2: Legacy of Kain,0.12,7,6.99
bloodytraplandivpack,Bloody Trapland,0.88,7,29.99
bluetoadmurderfilesmysteriesoflittleriddle,Blue Toad Murder FilesTM: The Mysteries of Little Riddle,0.22,7,4.49
bomb,BOMB,1,7,11.99
bookofunwrittentalescritterchronicles,The Book of Unwritten Tales: The Critter Chronicles,1.5,7,19.99
borderlands,Borderlands,0.3,7,19.99
borderlandsgameofyearedition,Borderlands: Game of the Year,0.88,7,29.99
borderlandsii,Borderlands 2,1.47,7,19.99
borderlandsiicreatureslaughterdome,Borderlands 2: Creature Slaughterdome,0.11,7,4.99
borderlandsiipsychopack,Borderlands 2 - Psycho Pack,0.15,7,9.99
borderlandsmadmoxxisunderdomeriot,Borderlands: Mad Moxxi's Underdome Riot,0.15,7,9.99
borderlandssecretarmoryofgeneralknoxx,Borderlands: The Secret Armory of General Knoxx,0.15,7,9.99
borderlandszombieislandofdrned,Borderlands: The Zombie Island of Dr. Ned,0.15,7,9.99
borderzone,BorderZone,0.11,7,4.99
boundbyflame,Bound By Flame,0.95,7,39.99
braveland,Braveland,0.11,7,4.99
breachandclear,Breach & Clear,1,7,14.99
bridge,The Bridge,0.22,7,9.99
bridgeitplus,Bridge It +,1,7,19.99
bridgeproject,Bridge Project,1,7,19.99
brink,BRINK,1,7,19.99
brothersataleoftwosons,Brothers - A Tale of Two Sons,1.5,7,14.99
brothersinarmshellshighway,Brothers in Arms: Hell's HighwayTM,0.15,7,9.99
brothersinarmsroadtohilliii0,Brothers in Arms: Road to Hill 30TM,0.15,7,9.99
buildalot,Build-A-Lot,0.15,7,9.99
buildalotii,Build-A-Lot 2: Town of the Year,0.15,7,9.99
buildalotiv,Build-A-Lot 4: Power Source,0.15,7,9.99
bullyscholarshipedition,Bully: Scholarship Edition,1.5,7,14.99
bureauxcomdeclassified,The Bureau: XCOM Declassified,1.47,7,19.99
cabelasafricanadventures,Cabelas African Adventures,0.95,7,39.99
cabelasbiggamehunterprohunts,Cabela's Big Game Hunter Pro Hunts,0.88,7,29.99
cannonbrawltwopack,Cannon Brawl,0.22,7,19.99
captainmorganeandgoldenturtle,Captain Morgane and the Golden Turtle,0.11,7,4.99
cargocommander,Cargo Commander,0.23,7,9.99
cargoquestforgravity,Cargo! The Quest for Gravity,0.15,7,9.99
carmechanicsimulatorii0iiv,Car Mechanic Simulator 2014,1,7,19.99
castleneverjudgeabookbyitscover,Castle: Never Judge a Book by its Cover,0.15,7,9.99
castlevanialordsofshadowii,Scrabble,0.95,7,39.99
cave,The Cave,1.5,7,14.99
ceville,Ceville,0.11,7,9.99
chains,Chains,0.11,7,4.99
chaosdomain,Chaos Domain,0.15,7,9.99
chaosengineiipack,The Chaos Engine,1,7,16.99
chaosondeponia,Chaos on Deponia,1,7,19.99
childoflight,Child of Light,0.11,140,14.99
chivalrydeadliestwarrior,Chivalry: Deadliest Warrior,1.5,7,14.99
chivalrymedievalwarfare,Chivalry: Medieval Warfare,0.88,14,24.99
chompychompchomp,Chompy Chomp Chomp,0.12,7,6.99
chrome,Chrome,0.11,7,4.99
ciddummy,CID the Dummy,0.11,7,1.99
citadels,Citadels,0.95,7,39.99
citiesinmotion,Cities in Motion,1,7,19.99
citiesinmotiongermancities,Cities in Motion: German Cities,0.12,7,5.99
citiesinmotioniitrekkingtrolleys,Cities in Motion 2:  Trekking Trolleys,0.11,7,4.99
citiesinmotioniiwendingwaterbuses,Cities in Motion 2: Wending Waterbuses,0.11,7,4.99
citiesinmotionlondon,Cities in Motion: London,0.11,7,4.99
citiesinmotionparis,Cities in Motion: Paris,0.11,7,4.99
citiesinmotionstpetersburg,Cities in Motion: St. Petersburg,0.11,7,4.99
citiesinmotiontokyo,Cities in Motion: Tokyo,0.12,7,5.99
citiesxlii0ii,Cities XL 2011,0.88,7,19.99
citiesxlplatinum,Cities XL Platinum,0.88,7,29.99
citylifeii00viii,City Life 2008,0.15,7,9.99
civcityrome,CivCity: Rome,0.15,7,9.99
clickr,Clickr,0.23,7,4.99
clockworkman,The Clockwork Man,0.23,7,6.99
clockworktalesofglassandink,Clockwork Tales: Of Glass and Ink,0.15,7,7.99
cloudberrykingdom,Cloudberry KingdomTM,0.15,7,9.99
cloudchamber,Cloud Chamber,1,7,19.99
coconutqueen,Coconut Queen,0.15,7,9.99
coldfear,Cold FearTM,0.15,7,9.99
coldwar,Cold War,0.11,7,4.99
commanderconquestofamericas,Commander: Conquest of the Americas,1.5,7,9.99
commanderconquestofamericascolonialnavy,Commander: Conquest of the Americas - Colonial vy,0.11,7,4.99
commanderconquestofamericaspiratetreasurechest,Commander: Conquest of the Americas - Pirate Treasure Chest,0.11,7,4.99
commandosiiidestinationberlin,Commandos 3: Destition Berlin,0.11,7,3.99
commandosiimenofcourage,Commandos 2: Men of Courage,0.11,7,3.99
companyofheroes,Company of Heroes,0.15,7,9.99
companyofheroesiidigitalcollectorsedition,Company of Heroes 2,0.88,7,79.99
companyofheroesopposingfronts,Company of Heroes: Opposing Fronts,1,7,19.99
companyofheroestalesofvalor,Company of Heroes: Tales of Valor,1,7,19.99
condemnedcriminalorigins,Medieval II: Total WarTM,1.5,7,14.99
conflictdeniedops,Conflict: Denied Ops,0.23,7,5.99
confrontation,Confrontation,2,7,19.99
constructionmachinesii0iiv,Construction Machines 2014,1,7,9.99
contraptionmaker,Contraption Maker,0.15,126,14.99
contrast,Contrast,1.5,7,14.99
costumequest,Costume Quest,0.22,7,9.99
cradleofrome,Cradle of Rome,0.15,7,9.99
crashtimeii,Crash Time 2,0.15,7,9.99
crazymachines,Crazy Machines,0.15,7,9.99
crazymachineselements,Crazy Machines Elements,0.15,7,9.99
crazymachineselementsdlccollisioncoursementalactivity,Crazy Machines Elements DLC - Collision Course & Mental Activity,0.13,7,2.99
crazymachineselementsdlcgadgetfuntrickyriddles,Crazy Machines Elements DLC - Gadget Fun & Tricky Riddles,0.13,7,2.99
crazymachinesgoldengears,Crazy Machines: Golden Gears,0.15,7,9.99
crazymachinesii,Crazy Machines 2,1,7,14.99
crazymachinesiibacktoshopaddon,Crazy Machines 2: Back to the Shop Add-On,0.11,7,4.99
crazymachinesiihalloween,Crazy Machines 2:  Halloween,0.13,7,2.99
crazymachinesiihappynewyeardlc,Crazy Machines 2: Happy New Year DLC,0.13,7,2.99
crazymachinesiiinvadersfromspace,Crazy Machines 2 - Invaders from Space,0.13,7,2.99
crazymachinesiiinvadersfromspaceiindwavedlc,"Crazy Machines 2: Invaders From Space, 2nd Wave DLC",0.13,7,2.99
crazymachinesiiliquidforceaddon,Crazy Machines 2: Liquid Force Add-on,0.11,7,2.99
crazymachinesiitimetraveladdon,Crazy Machines 2: Time Travel Add-On,0.23,7,4.99
crazymachinesiv,Crazy Machines 1.5,0.15,7,9.99
crazytaxi,Crazy Taxi,0.13,7,7.99
cricketcaptainii0iiv,Cricket Captain 2014,1,7,24.99
crimsonland,Crimsonland,1,7,13.99
crouchingponyhiddendragon,Crouching Pony Hidden Dragon,1,70,9.99
crusaderkingscomplete,Crusader Kings Complete,0.15,7,9.99
crusaderkingsii,Crusader Kings II,0.95,7,39.99
crusaderkingsiisonsofabraham,Crusader Kings II: Sons of Abraham,0.15,7,9.99
ctspecialforcesfireforeffect,CT Special Forces: Fire for Effect,0.15,7,9.99
curseeyeofisis,Curse: The Eye of Isis,0.12,7,4.99
damnedivpack,Damned,0.3,49,59.99
dark,DARK,0.88,7,39.99
darkcultofdeaddlc,DARK - Cult of the Dead DLC,0.11,7,4.99
darkesthouraheartsofirongame,Darkest Hour: A Hearts of Iron Game,0.15,7,9.99
darkestofdays,Darkest of Days,1,7,19.99
darkloremysterieshuntfortruth,Dark Lore Mysteries: The Hunt For Truth,0.11,7,4.99
darkmatterii0iiii,Dark Matter,0.22,7,9.99
darknessiifourpack,The Darkness II,0.88,7,89.99
darkout,Darkout,1.5,7,14.99
darksiders,DarksidersTM,1,7,19.99
darksidersii,Darksiders II,1.47,7,29.99
darksoulsii,DARK SOULSTM II,1,7,39.99
darksoulspreparetodieedition,Dark SoulsTM: Prepare To DieTM Edition,2,7,19.99
darkvoid,Dark VoidTM,0.15,7,9.99
darkvoidzero,Dark VoidTM Zero,0.11,7,4.99
dawnofdiscovery,Dawn of DiscoveryTM,0.15,7,9.99
daylight,Daylight,0.15,7,14.99
dayofdefeat,Day of Defeat,0.11,7,4.99
dayonegarrysincident,Day One : Garry's Incident,1,7,9.99
deadhorde,Dead Horde,0.15,14,9.99
deadhungrydiner,Dead Hungry Diner,0.13,7,6.99
deadislandbloodbatharena,Dead Island Bloodbath Are DLC,0.15,7,19.99
deadislandepidemiccontagionpack,Dead Island: Epidemic - Contagion Pack,0.95,70,44.99
deadislandepidemicdeadicatedpack,Dead Island: Epidemic - DEADicated Pack,0.95,70,39.99
deadislandepidemicpatientzeropack,Dead Island: Epidemic - Patient Zero Pack,1,70,16.99
deadislandryderwhite,Dead Island: Ryder White DLC,0.15,7,19.99
deadrisingii,Dead Rising 2,0.88,7,19.99
deadrisingiii,Dead Rising 3 Apocalypse Edition,0.88,7,49.99
deadrisingiioffrecord,Dead Rising 2: Off the Record,0.95,7,29.99
deathandfly,Death and the Fly,0.15,7,9.99
deathtospiesmomentoftruth,Death to Spies: Moment of Truth,0.88,7,14.99
deepblackreloaded,Deep Black: Reloaded,0.23,7,29.99
defendersofardania,Defenders of Ardania,0.11,7,9.99
defensegridiispecialedition,DG2: Defense Grid 2,1,7,29.99
defianceseasonpass,Defiance Season Pass,0.95,35,39.99
democracyiii,Democracy 3,0.83,7,24.99
demonicondarkeye,Demonicon,0.95,7,39.99
deponia,Deponia,1,7,19.99
depthhunteriideepdive,Depth Hunter 2: Deep Dive,1,7,14.99
desperadosiicoopersrevenge,Desperados 2: Cooper's Revenge,0.15,7,9.99
desperadoswanteddeadoralive,Desperados: Wanted Dead or Alive,0.11,7,4.99
deusexfall,Deus Ex: The Fall,0.15,91,9.99
deusexgameofyearedition,Deus Ex: Game of the Year Edition,0.11,7,6.99
deusexhumanrevolutiondirectorscut,Deus Ex: Human Revolution - Director's Cut,1,7,19.99
deusexinvisiblewar,Deus Ex: Invisible War,0.11,7,6.99
devilmaycryiv,Devil May Cry 4,1,7,19.99
dinerdashhometownhero,Diner Dash: Hometown HeroTM,0.15,7,9.99
dirtshowdown,DiRT Showdown,1.47,7,14.99
disciplesiigalleansreturn,Disciples II: Gallean's Return,0.11,7,6.49
disciplesiiirenaissance,Disciples III - Reissance Steam Special Edition,0.11,7,19.99
disciplesiiiresurrection,Disciples III - Resurrection,0.23,7,19.99
dishonored,Dishonored,1.47,7,19.99
dishonoredbrigmorewitches,Dishonored: The Brigmore Witches,0.15,7,9.99
dishonoreddunwallcitytrials,Dishonored: Dunwall City Trials,0.11,7,4.99
dishonoredknifeofdunwall,Dishonored - The Knife of Dunwall,0.15,7,9.99
divinitydragoncommanderivpack,Divinity: Dragon Commander,0.83,77,119.99
divinityiideveloperscut,Divinity II: Developer's Cut,1,7,19.99
dmcdevilmaycry,DmC: Devil May Cry,0.95,7,49.99
dogfightiixivii,Dogfight 1942,0.22,7,9.99
dollardash,Dollar Dash,0.15,14,9.99
doomiiibfgedition,Doom 3: BFG Edition,1.5,7,19.99
doorwaysunderworld,Doorways: The Underworld,0.15,7,9.99
draculaiilastsanctuary,Dracula 2: The Last Sanctuary,0.23,7,4.99
draculalovekills,Dracula: Love Kills,0.15,7,9.99
drakensang,Drakensang,0.3,7,9.99
drdaisypetvet,Dr. Daisy Pet Vet,0.15,7,9.99
dreamchronicleschosenchild,Dream Chronicles: The Chosen ChildTM,1,7,14.99
dreampinballiiid,Dream Pinball 3D,0.15,7,6.99
driversanfrancisco,Driver San Francisco,1.5,7,19.99
ducktalesremastered,DuckTales: Remastered,1.5,7,14.99
dukenukemforeverhailtoiconsparodypack,Duke Nukem Forever: Hail to the Icons Parody Pack,0.15,7,9.99
dungeondashers,Dungeon Dashers,0.1,42,9.99
dungeondefenders,Dungeon Defenders,1.5,7,14.99
dungeonofelements,Dungeon of Elements,0.15,7,9.99
dungeonofendlesspixeltofounderupgrade,Dungeon of the Endless,0.12,7,7.99
dungeonsdragonschroniclesofmystara,Dungeons & Dragons: Chronicles of Mystara,1.5,7,14.99
dungeonsdragonsdaggerdale,Dungeons and Dragons: Daggerdale,0.15,7,14.99
dungeonsiegeii,Dungeon Siege II,1.5,7,6.99
dungeonsiegeiii,Dungeon Siege III,0.3,7,14.99
dungeonsiegeiiitreasuresofsun,Dungeon Siege III: Treasures of the Sun,0.23,7,6.99
dyad,Dyad,1.5,7,14.99
dynastywarriorsviiixtremelegendscompleteedition,DYSTY WARRIORS 8: Xtreme Legends Complete Edition,0.95,7,49.99
eadormastersofbrokenworld,Eador: Masters of the Broken World,1,7,19.99
earthiiiiv0,Earth 2140,0.11,7,4.99
earthiiiv0trilogy,Earth 2150 Trilogy,0.12,7,6.99
earthiiivi0,Earth 2160,0.11,7,4.99
edge,EDGE,0.12,14,7.99
ednaandharveybreakout,Ed & Harvey: The Breakout,1.5,7,14.99
elderscrollsonline,The Elder Scrolls Online,1,7,59.99
elderscrollsvskyrim,The Elder Scrolls V: Skyrim,1.47,7,19.99
elderscrollsvskyrimdawnguard,The Elder Scrolls V: Skyrim - Dawnguard,1,7,19.99
elderscrollsvskyrimhearthfire,The Elder Scrolls V: Skyrim - Hearthfire,0.11,7,4.99
eleusis,Eleusis,1.5,7,14.99
elmatador,El Matador,0.11,7,4.99
elvenlegacy,Elven Legacy,0.11,7,4.99
elvenlegacymagic,Elven Legacy: Magic,0.11,7,4.99
elvenlegacyranger,Elven Legacy: Ranger,0.11,7,4.99
elvenlegacysiege,Elven Legacy: Siege,0.11,7,4.99
emergencyii0iiv,Emergency 2014,0.88,7,29.99
empiretotalwar,Empire: Total WarTM,1,7,19.99
empressofdeep,Empress Of The Deep,0.11,7,4.99
empressofdeepiisongofbluewhale,Empress Of The Deep 2: Song Of The Blue Whale,0.11,7,4.99
enclave,Enclave,0.11,7,4.99
endlessspacedisharmony,Endless Space - Disharmony,0.15,7,9.99
enslavedodysseytowestpremiumedition,ENSLAVEDTM: Odyssey to the WestTM Premium Edition,1,7,19.99
ethanmeteorhunter,Ethan: Meteor Hunter,0.15,7,9.99
europauniversalisiii,Europa Universalis III Complete,0.12,7,14.99
europauniversalisiiimusicofworld,Europa Universalis III Music of the World,0.11,7,4.99
europauniversalisiv,Europa Universalis IV,0.95,7,39.99
eurotrucksimulatorii,Euro Truck Simulator 2,2,14,24.99
eurotrucksimulatoriigoingeast,Euro Truck Simulator 2 - Going East!,1.5,7,12.99
eurotrucksimulatoriiirishpaintjobspack,Euro Truck Simulator 2 - Irish Paint Jobs Pack,1,126,0.99
eurotrucksimulatoriiscottishpaintjobspack,Euro Truck Simulator 2 - Scottish Paint Jobs Pack,1,126,0.99
eurotrucksimulatoriiukpaintjobspack,Euro Truck Simulator 2 - UK Paint Jobs Pack,1,126,0.99
evilgenius,Evil Genius,0.15,7,9.99
exodusfromearth,Exodus from the Earth ,1.5,7,14.99
expendablesiivideogame,The Expendables 2 Videogame,1.5,7,14.99
facerig,FaceRig,0.15,7,14.99
facerigpro,FaceRig Pro Upgrade,1,7,64.99
faerylegendsofavalon,Faery - Legends of Avalon,0.15,7,9.99
falloutapostnuclearroleplayinggame,Fallout: A Post Nuclear Role Playing Game,0.15,7,9.99
falloutiiapostnuclearroleplayinggame,Fallout 2: A Post Nuclear Role Playing Game,0.15,7,9.99
falloutiii,Fallout 3,0.12,7,9.99
falloutnewvegas,Fallout: New Vegas,0.3,7,9.99
falloutnewvegasultimateedition,Fallout: New Vegas Ultimate Edition,2,7,19.99
familyguybacktomultiverse,Family GuyTM: Back to the Multiverse,0.95,7,49.99
fantasygroundsivelandsofdarknessiicesspoolsofarnac,Fantasy Grounds - 4E: Lands of Darkness #2: Cesspools of Arc,0.15,7,7.99
fantasygroundssunderedskiesrace,Fantasy Grounds - Sundered Skies #5 - The Race,0.15,7,7.99
fantasywars,Fantasy Wars,1.5,7,14.99
farcry,Far Cry,0.15,7,9.99
farcryii,Far Cry 2: Fortune's Edition,0.15,7,9.99
farcryiiiblooddragon,Far Cry 3 - Blood Dragon,1.5,7,14.99
farcryiiideluxeedition,Far Cry 3,0.88,7,39.99
farmfrenzy,Farm Frenzy,0.11,7,4.99
farmfrenzyiiiamericanpie,Farm Frenzy 3: American Pie,0.15,7,9.99
farmfrenzyiv,Farm Frenzy 4,0.12,7,6.99
farmfrenzypizzaparty,Farm Frenzy: Pizza Party,0.11,7,4.99
farminggiant,Farming Giant,0.12,7,14.99
farmingsimulatorii0ii,Farming Simulator 2011,1.5,7,14.99
farmingsimulatorii0iiiiofficialexpansion,Farming Simulator 2013 - Official Expansion (Titanium),1,7,19.99
farmingsimulatoriv,Farming Simulator 15,0.83,7,29.99
farmmachineschampionshipsii0iiv,Farm Machines Championships 2014,0.22,7,9.99
fastandfuriousshowdown,Fast & FuriousTM: Showdown,0.88,7,29.99
fiii0iii,F1 2012TM,1.47,7,24.99
fiii0iiii,F1 2013,0.88,70,49.99
finalexamivpack,Fil Exam,0.88,7,29.99
finalfantasyiii,Scrabble,1,35,15.99
finalfantasyvii,FIL FANTASY VII,1.5,7,11.99
finalfantasyviii,poleon: Total War - Imperial Eagle Pack,1,35,11.99
findingteddy,Finding Teddy,0.66,7,6.99
fishfilletsii,Fish Fillets 2,0.11,7,4.99
fishtycoon,Fish Tycoon,0.15,7,9.99
flashback,Flashback,0.15,7,9.99
flatout,FlatOut,0.11,7,7.49
flatoutii,FlatOut 2TM,0.11,7,9.99
flatoutiiichaosdestruction,Flatout 3: Chaos & Destruction,0.11,7,29.99
flatoutultimatecarnage,FlatOut: Ultimate Carge,0.11,7,19.99
flock,Flock!,0.11,7,4.99
flyn,Fly'N,0.15,7,9.99
footballmanagerii0iiv,Football Mager 2014,0.88,7,29.99
fordracingiii,Ford Racing 3,0.11,7,4.99
fordstreetracing,Ford Street Racing,0.11,7,4.99
foreignlegionbucketsofblood,Foreign Legion: Buckets of Blood,0.11,14,4.99
foreignlegionmultimassacrefourpack,Foreign Legion: Multi Massacre,0.88,7,19.99
forglory,For The Glory: A Europa Universalis Game,0.15,7,9.99
foulplayiipack,Foul Play,0.88,7,24.99
freedomforcevsiiirdreich,Freedom Force vs. the Third Reich,0.11,7,7.49
fritzchessiiv,Fritz Chess 14,1,7,39.99
fromdust,From Dust,1.5,7,9.99
frontlinesfuelofwar,FrontlinesTM: Fuel of WarTM,1,7,19.99
frontmissionevolved,Front Mission Evolved,0.3,7,9.99
frozenhearth,Frozen Hearth,1,7,17.99
ftlfasterthanlight,FTL: Faster Than Light,0.15,7,9.99
fullspectrumwarrior,Full Spectrum Warrior,0.15,7,9.99
fullspectrumwarriortenhammers,Full Spectrum Warrior: Ten Hammers,0.15,7,9.99
futurewars,Future Wars,0.11,7,4.99
gabrielknightsinsoffathersii0thanniversaryedition,Gabriel Knight: Sins of the Fathers 20th Anniversary Edition,1,7,19.99
galacticcivilizationsiii,Galactic Civilizations III,1,7,49.99
galaxyonfireiifullhd,Galaxy on Fire 2TM Full HD,1,14,19.99
gameofthrones,Game of Thrones,1.47,7,19.99
gametycooniv,Game Tycoon 1.5,0.15,7,9.99
gardensincfromrakestoriches,Gardens Inc.  From Rakes to Riches,0.15,7,9.99
gasguzzlersextremefourpack,Gas Guzzlers Extreme,1,7,74.99
gasguzzlersextremefullmetalfrenzy,Gas Guzzlers Extreme: Full Metal Frenzy,0.11,21,4.99
gearcity,GearCity,1.5,35,15.99
geminiwarsiipack,Gemini Wars,1,7,29.99
genesisrising,Genesis Rising,0.11,7,4.99
gettysburgarmoredwarfare,Gettysburg: Armored Warfare,0.15,7,9.99
ghostbusterssanctumofslime,Ghostbusters: Sanctum of Slime,0.15,7,9.99
ghostmaster,Ghost Master,0.11,7,4.99
gianasisterstwisteddreams,Gia Sisters: Twisted Dreams,1.5,7,14.99
gianasisterstwisteddreamsriseofowlverlord,Gia Sisters: Twisted Dreams - Rise of the Owlverlord,0.11,7,4.99
glacieriiimeltdown,Glacier 3: The Meltdown,0.15,7,9.99
globalopscommandolibya,Global Ops: Commando Libya,1.5,7,14.99
glowfish,Glowfish,0.15,7,9.99
goatsimulator,Goat Simulator,0.15,126,9.99
godus,Godus,1,42,19.99
gogonipponmyfirsttriptojapan,Go! Go! Nippon! ~My First Trip to Japan~,0.15,7,9.95
goldrushclassic,Gold Rush! Classic,0.11,7,5.99
gomo,Gomo,0.13,7,7.99
goodbyedeponia,Goodbye Deponia,1,7,19.99
gorkyivii,Gorky 17,0.11,7,4.99
gothiciigoldedition,Gothic II: Gold Edition,0.15,7,9.99
gothiciii,Gothic 3,0.15,7,9.99
grandagesrome,Grand Ages: Rome,0.11,7,14.99
grandtheftautoepisodesfromlibertycity,Grand Theft Auto: Episodes from Liberty City,1,7,19.99
grandtheftautoiii,Grand Theft Auto III,0.15,7,9.99
grandtheftautoiv,Grand Theft Auto IV,1,7,19.99
grandtheftautoivcompleteedition,Grand Theft Auto IV: Complete Edition,0.88,7,29.99
grandtheftautosanandreas,Grand Theft Auto: San Andreas,1.5,7,14.99
grandtheftautovicecity,Grand Theft Auto: Vice City,0.15,7,9.99
graymatter,Gray Matter,0.15,7,9.99
greedblackborder,Greed: Black Border,0.11,7,4.99
gridautosport,GRID Autosport,0.83,7,39.99
gridautosportseasonpass,Grid Autosport Season Pass,0.88,7,29.99
gridii,GRID 2,1.47,7,29.99
grimind,Grimind,0.15,7,9.99
grotesquetacticsevilheroes,Grotesque Tactics: Evil Heroes ,0.23,7,9.99
grotesquetacticsiidungeonsanddonuts,Grotesque Tactics 2  Dungeons and Donuts,0.3,7,9.99
guardiansofmiddleearth,Guardians of Middle-earth,1,7,19.99
guildii,The Guild II,0.15,7,9.99
guildiipiratesofeuropeanseas,The Guild II - Pirates of the European Seas,0.15,7,9.99
guildiirenaissance,The Guild II Reissance,0.15,7,9.99
guildwarseyeofnorth,Guild Wars: Eye of the North,1,35,19.99
guiltygearisuka,Guilty Gear Isuka,0.15,7,9.99
guiltygearxiireload,Guilty Gear X2 #Reload,0.15,7,9.99
gun,GUNTM,1,7,19.99
gunmetal,Gun Metal,0.15,7,9.99
gunsoficarusonline,Guns of Icarus Online,0.22,14,14.99
gyromancer,Gyromancer,0.23,7,5.99
hackerevolution,Hacker Evolution,0.23,7,9.99
hackerevolutionuntold,Hacker Evolution: Untold,0.15,14,9.99
haegemoniasolonheritage,Haegemonia: The Solon Heritage,0.11,7,4.99
hamiltonsgreatadventure,Hamilton's Great Adventure,0.15,7,9.99
hamletorlastgamewithoutmmorpgfeaturesshadersandproductplacement,"Hamlet or the Last Game without MMORPG Features, Shaders ...",0.11,7,4.99
hammerwatchivpack,Hammerwatch,0.88,7,29.99
hardtruckapocalypseriseofclans,Hard Truck: Apocalypse Rise Of Clans / Ex Machi: Meridian 113,0.12,7,5.99
hauntedhouse,Haunted HouseTM,1,7,19.99
hauntedpastrealmofghosts,Haunted Past: Realm of Ghosts,0.11,7,4.99
heartsofironiicomplete,Hearts of Iron 2 Complete,1.5,7,14.99
heartsofironiii,Hearts of Iron III,0.15,7,9.99
heartsofironiiitheirfinesthour,Hearts of Iron III: Their Finest Hour,0.3,7,9.99
heavybullets,Heavy Bullets,0.15,7,9.99
heavyfireafghanistan,Heavy Fire: Afghanistan,0.11,7,4.99
hegemonyromeriseofcaesar,Hegemony Rome: The Rise of Caesar,0.88,7,29.99
heliheroes,Heli Heroes,0.11,7,4.99
helldorado,Helldorado,0.15,7,9.99
hellyeahwrathofdeadrabbit,Hell Yeah! Wrath of the Dead Rabbit,0.15,7,14.99
heroesofmightandmagicvhammersoffate,Heroes of Might & Magic V: Hammers of Fate,0.23,7,9.99
heroesofmightandmagicvtribesofeast,Heroes of Might & Magic V: Tribes of the East,0.23,7,9.99
heroesovereurope,Heroes Over Europe,0.15,7,9.99
heroofkingdom,Hero of the Kingdom,0.12,7,6.99
hexodius,Hexodius,0.15,14,9.99
hitmanabsolution,Hitman: AbsolutionTM,1.47,7,19.99
hitmanbloodmoney,Hitman: Blood Money,0.15,7,8.99
hitmancodenameivvii,Hitman: Codeme 47,1.5,7,6.99
hitmancontracts,Hitman: Contracts,0.66,7,6.99
hitmaniisilentassassin,Hitman 2: Silent Assassin,0.23,7,6.99
hive,Hive,0.12,7,18.99
hoardivpack,HOARD,0.88,126,29.99
holyavatarvsmaidensofdead,Holy Avatar vs. Maidens of the Dead,0.15,7,9.99
homefront,Homefront,1,7,19.99
hospitaltycoon,Hospital Tycoon,0.11,7,4.99
hotelcollectorsedition,Hotel Collectors Edition,0.15,7,9.99
houseofi000doorsfamilysecrets,"House of 1,000 Doors - Family Secrets",0.15,7,9.99
houseofi000doorspalmofzoroastercollectorsedition,House of 1000 Doors: The Palm of Zoroaster Collector's Edition,0.15,7,9.99
howtosurvive,How to Survive,1.5,7,14.99
htrplusslotcarsimulation,HTR+ Slot Car Simulation,1,7,19.99
humanityasset,Humanity Asset,0.15,14,9.99
hunteddemonsforge,Hunted: The Demons ForgeTM,1,7,19.99
huntersofdead,Hunters Of The Dead,0.11,7,4.99
iamalive,I Am Alive,1.5,7,14.99
iamvegend,I Am Vegend - Zombiegeddon,0.12,7,6.99
ibomberattack,iBomber Attack,0.12,7,5.99
ibomberdefense,iBomber Defense,0.13,7,4.99
ibomberdefensepacific,iBomber Defense Pacific,0.13,7,4.99
iesabel,Iesabel,1.5,7,14.99
ihfhandballchallengeiii,IHF Handball Challenge 12,0.15,7,9.99
iixviiikgbunleashed,1953 - KGB Unleashed,0.15,7,9.99
iixvivalcatraz,1954 Alcatraz,1,7,19.99
iliisturmovikcliffsofdover,IL-2 Sturmovik: Cliffs of Dover,1.47,7,9.99
imperiumromanumgoldedition,Imperium Romanum Gold Edition,0.11,7,9.99
impire,Impire,1,7,19.99
incredipede,Incredipede,0.22,14,9.99
industryempire,Industry Empire,1,7,29.99
infectedtwinvaccinecollectorsedition,Infected: The Twin Vaccine - Collector's Edition,1.5,7,13.99
infestedplanet,Infested Planet,1.5,14,14.99
infinityrunner,Infinity Runner,0.23,7,9.99
injusticegodsamongusultimateedition,Injustice: Gods Among Us Ultimate Edition,1.47,7,19.99
inmomentum,inMomentum,0.15,7,9.99
innerworld,The Inner World,1.5,7,14.99
inquisitor,Inquisitor,0.15,7,9.99
inversion,InversionTM,0.3,7,9.99
ironcladtacticsbloodandironclads,Ironclad Tactics: Blood and Ironclads,0.11,7,4.99
ironcladtacticsiipack,Ironclad Tactics,0.88,126,22.49
ironcladtacticsriseofdmitry,Ironclad Tactics: The Rise of Dmitry,0.11,7,4.99
ironfrontliberationiixiviv,Iron Front: Digital War Edition,1.5,7,24.99
irongripwarlord,Iron Grip: Warlord,0.15,7,7.99
ironskyinvasion,Iron Sky: Invasion,2,7,19.99
ivelements,4 Elements,0.23,7,9.99
jackkeane,Jack Keane,0.23,7,9.99
jackkeaneiifirewithin,Jack Keane 2 - The Fire Within,0.88,7,29.99
jaggedalliancebackinaction,Jagged Alliance - Back in Action,2,7,29.99
jaggedalliancecrossfire,Jagged Alliance: Crossfire,1.5,7,19.99
jaggedallianceflashback,Jagged Alliance Flashback,1,7,29.99
jaggedallianceii,Jagged Alliance 2 Gold,0.11,7,19.99
jetcarstunts,Jet Car Stunts,0.15,140,6.99
jetsetradio,Jet Set Radio,0.11,7,4.99
jewelquest,Jewel Quest Pack,1,7,19.99
journeyofaroach,Journey of a Roach,0.13,7,14.99
judgedredddreddvsdeath,Judge Dredd: Dredd vs. Death,0.15,7,7.99
justcause,Just Cause,0.23,7,6.99
justcauseii,Just Cause 2,1.5,7,14.99
kanelynchdeadmen,Kane and Lynch: Dead MenTM,0.11,7,6.99
kanelynchiidogdays,Kane & Lynch 2: Dog Days,0.22,7,9.99
kerbalspaceprogram,Kerbal Space Program,0.88,7,29.99
kickassii,Kick-Ass 2,1,7,24.99
kingarthurfallenchampions,King Arthur: Fallen Champions,0.11,7,4.99
kingarthuriideadlegions,King Arthur II: Dead Legions,0.23,7,4.99
kingarthurroleplayingwargame,King Arthur - The Role-playing Wargame,0.22,7,9.99
kingarthursgoldivpack,King Arthur's Gold,0.83,7,29.99
kingdomtales,Kingdom Tales,0.15,7,9.99
kingsbountyarmoredprincess,King's Bounty: Armored Princess,1,7,14.99
kingsbountycrossworlds,King's Bounty: Crossworlds,1,7,14.99
kingsbountywarriorsofnorth,King's Bounty: Warriors of the North,0.88,7,19.99
kingsbountywarriorsofnorthiceandfiredlc,King's Bounty: Warriors of the North - Ice and Fire,0.15,7,9.99
kingscrusade,The Kings' Crusade,0.15,7,9.99
konungii,Konung 2,0.11,7,4.99
konungiiitiesofdynasty,Konung 3: Ties of the Dysty,0.11,7,4.99
kungfustrikewarriorsrise,Kung Fu Strike - The Warrior's Rise,0.15,14,9.99
lanoire,L.A. Noire,1,7,19.99
lanoiredlcbundle,L.A. Noire: DLC Bundle,0.12,7,11.99
laracroftandguardianoflight,Lara Croft and the Guardian of Light,0.22,7,9.99
laracroftandtempleofosirisseasonpassincluded,DYSTY WARRIORS 8: Xtreme Legends Complete Edition,1,7,28.99
lastfederation,The Last Federation,1,7,19.99
lastremnant,The Last RemntTM,1.5,7,9.99
leftivdeadii,Left 4 Dead 2,1,7,19.99
legacyofkaindefiance,Legacy of Kain: Defiance,0.23,7,6.99
legendary,Legendary,0.13,7,4.99
legendsofeisenwald,Legends of Eisenwald,1.5,35,19.99
legendsofpersia,Legends of Persia,0.15,7,19.99
legobatmanvideogame,LEGO Batman,1,7,19.99
legohobbit,LEGO The HobbitTM,0.88,7,29.99
legolordofrings,LEGO The Lord of the Rings,0.88,7,19.99
legomarvelsuperheroes,LEGO MarvelTM Super Heroes,1.5,7,19.99
legomovievideogame,The LEGO Movie - Videogame,0.83,7,29.99
leviathanwarships,Leviathan: Warships,0.15,7,9.99
lifelessplanet,Lifeless Planet,1,7,19.99
light,Light,1,7,12.99
litecamandroidnorootandroidscreenrecorder,liteCam Android: No Root Android Screen Recorder,1.5,49,29.99
litecamhdsupereasyvideocapture,liteCam HD: Capture twitch.tv Live Stream,0.88,56,32.99
litecami00fpsgamecapture,liteCam Game: 100 FPS Game Capture,1.5,42,29.99
littlefarm,Little Farm,0.15,7,9.99
longlivequeen,Long Live The Queen,0.15,7,9.99
lordofringswarinnorth,Lord of the Rings: War in the North,1,7,19.99
lordsoffootball,Lords of Football,1.5,14,14.99
lostplanetextremeconditioncoloniesedition,Lost Planet: Extreme Condition Colonies Edition,1,7,19.99
lostplanetii,Lost Planet 2,1.5,7,19.99
lostplanetiii,LOST PLANET 3,0.95,7,49.99
lucius,Lucius,1.5,7,19.99
lume,Lume,0.12,7,5.99
lunarflight,Lur Flight,0.15,7,9.99
luxoramunrising,Luxor Amun Rising,0.15,7,9.99
luxorevolved,Luxor Evolved,0.15,7,9.99
luxoriihd,Luxor 2 HD,0.15,7,9.99
luxoriii,Luxor 3,0.15,7,9.99
luxormahjong,LUXOR: Mah Jong,0.15,7,9.99
luxorvthpassage,Luxor: 5th Passage,0.15,7,9.99
machinesatwariii,Machines At War 3,0.83,7,14.99
maelstrom,Maelstrom: The Battle for Earth Begins,0.11,7,4.99
mafiaii,Mafia II,0.88,7,29.99
magicite,Magicite,0.15,91,9.99
magicka,Magicka,0.15,7,9.99
magickagamerbundle,Magicka: Gamer Bundle,0.13,7,1.99
magickaothersideofcoin,Magicka: The Other Side of the Coin,0.11,7,4.99
magickastarsareleft,Magicka: The Stars Are Left,0.12,7,5.99
magickavietnam,Magicka: Vietm,0.11,7,4.99
magickawizardsofsquaretablet,Magicka: Wizards of the Square Tablet,0.66,91,4.99
magickawizardwarsflaminghelriderpack,Magicka: Wizard Wars - Flaming Hel Rider Pack,1,28,19.99
magixsamplitudemusicstudioii0iiv,MAGIX Samplitude Music Studio 2014,0.95,7,99.99
magrunnerdarkpulse,Magrunner: Dark Pulse,1,7,9.99
mahjongquest,Mahjong Quest Collection,0.15,7,9.99
majestyiicollection,Majesty 2 Collection,1,7,19.99
manofprey,Marauder,0.15,7,9.99
marchofeaglesivpack,March of the Eagles,0.95,7,59.99
markofninja,Mark of the Ninja,1.5,7,14.99
marswarlogs,Mars: War Logs,0.15,7,14.99
martialartscapoeira,Martial Arts: Capoeira,0.15,7,9.99
masseffect,Mass Effect,1,7,19.99
masseffectii,Mass Effect 2,1,7,19.99
masseffectiidigitaldeluxeedition,Mass Effect 2 Digital Deluxe Edition,0.88,7,29.99
massiveassault,Massive Assault,1,7,9.99
massiveassaultnetworkii,Massive Assault Network 2,2,7,14.99
massiveassaultphantomrenaissance,Massive Assault: Phantom Reissance,1,7,9.99
maxpayne,Max Payne,0.15,7,9.99
maxpayneiifallofmaxpayne,Max Payne 2: The Fall of Max Payne,0.15,7,9.99
maxpayneiii,Max Payne 3,1.47,7,19.99
maxpayneiiideathmatchmadeinheavenpack,Max Payne 3: Deathmatch Made In Heaven Pack,0.23,7,4.99
maxpayneiiihostagenegotiationpack,Max Payne 3: Hostage Negotiation Pack,0.23,7,4.99
maxpayneiiilocaljusticepack,Max Payne 3: Local Justice Pack,0.11,7,3.99
maxpayneiiipainfulmemoriespack,Max Payne 3: Painful Memories Pack,0.23,7,4.99
maxpayneiiirockstarpass,Max Payne 3 Rockstar Pass,1.5,7,14.99
mechanicescape,Mechanic Escape,0.66,7,4.99
megabytepunch,Megabyte Punch,1.5,7,14.99
mementomori,Memento Mori,1.5,7,12.99
memoria,Memoria,1,7,19.99
menofwar,Men of WarTM,0.11,7,9.99
menofwarassaultsquad,Men of War: Assault Squad,0.22,7,14.99
menofwarassaultsquadii,Men of War: Assault Squad 2,0.88,7,34.99
menofwarcondemnedheroes,Men of War: Condemned Heroes,0.22,7,19.99
menofwarredtide,Men of War: Red Tide,0.22,7,9.99
menofwarvietnamspecialedition,Men of War: Vietm,2,7,24.99
metaldriftivpack,Metal Drift,1.5,133,29.99
metalgearrisingrevengeance,Scrabble,0.88,7,29.99
metalslugx,METAL SLUG X,1,7,7.99
midnightmysteriesedgarallanpoeconspiracy,Midnight Mysteries,0.13,7,9.99
midnightmysteriesivhauntedhoudini,Midnight Mysteries 4: Haunted Houdini,0.12,7,9.99
mightandmagicclashofheroes,Might & Magic: Clash of Heroes,0.15,7,9.99
mightandmagicduelofchampionsforgottenwarspack,Might & Magic: Duel of Champions - Forgotten Wars Pack,0.83,7,69.99
mightandmagicduelofchampionsheartofnightmarespack,Might & Magic: Duel of Champions - Heart of Nightmares Pack,1.5,133,24.99
mightandmagicduelofchampionsworldchampionii0iiiipack,Might & Magic: Duel of Champions - World Champion 2013 Pack,0.83,7,24.99
mightandmagicxlegacydigitaldeluxeedition,Might & Magic X - Legacy,0.83,35,29.99
mightyquestforepiclootattackerpack,The Mighty Quest For Epic Loot ~ Attacker Pack,0.15,126,9.99
mightyquestforepiclootdefenderpack,The Mighty Quest For Epic Loot ~ Defender Pack,1.5,119,14.99
mightyquestforepiclootultimatepack,The Mighty Quest For Epic Loot ~ Ultimate Pack,2,126,49.99
millenniumanewhope,Millennium - A New Hope,0.12,7,5.99
millenniumiiicrywolf,Millennium 3 - Cry Wolf,0.11,7,5.99
millenniumiitakemehigher,Millennium 2 - Take Me Higher,0.12,7,5.99
mindpathtothalamus,Mind: Path to Thalamus,1,7,12.99
minerwarsii0viiii,Miner Wars 2081,0.22,7,19.99
minininjas,Mini Ninjas,0.22,7,9.99
mirrormysteries,Mirror Mysteries,0.11,7,4.99
mirrormysteriesii,Mirror Mysteries 2,0.11,7,4.99
mirrorsedge,Mirror's EdgeTM,1,7,19.99
mishapiianintentionalhaunting,Mishap 2: An Intentiol Haunting - Collector's Edition,1.5,7,14.99
moebiusempirerising,Moebius: Empire Rising,0.88,7,29.99
monacowhatsyoursismine,Moco: What's Yours Is Mine,1.5,126,14.99
monochroma,Monochroma,0.15,7,19.99
montas,Montas,0.15,14,9.99
mortalkombatkompleteedition,Mortal Kombat Komplete Edition,1.5,7,19.99
motogpiiii,MotoGPTM13,0.88,7,39.99
mountblade,Mount & Blade,1.5,7,9.99
mountbladewarband,Mount & Blade: Warband,1,7,19.99
mountbladewithfiresword,Mount & Blade: With Fire & Sword,0.15,7,9.99
mudfimmotocrossworldchampionship,MUD Motocross World Championship,1,7,9.99
mudtv,M.U.D. TV,0.11,7,9.99
munin,Munin,0.15,7,9.99
murderedsoulsuspect,Murdered: Soul Suspect,0.83,91,49.99
murderminersivpack,Murder Miners,0.15,7,4.99
mxgpofficialmotocrossvideogame,MXGP - The Official Motocross Videogame,0.95,7,39.99
mxvsatvreflex,MX vs ATV Reflex,1,7,19.99
napoleontotalwarimperialeaglepack,poleon: Total War - Imperial Eagle Pack,0.11,7,2.99
narcoterroriipack,rco Terror,1.5,7,14.99
narutoshippudenultimateninjastormiiifullburst,RUTO SHIPPUDEN: Ultimate Ninja STORM 3 Full Burst,0.95,7,29.99
narutoshippudenultimateninjastormrevolution,RUTO SHIPPUDEN: Ultimate Ninja STORM Revolution,1,7,49.99
nascariiv,SCAR '14,1.47,7,19.99
navalwararcticcircle,val War: Arctic Circle,1,7,19.99
navalwararcticcircleoperationtarnhelm,val War Arctic Circle: Operation Tarnhelm,0.11,7,4.99
navalwarfare,val Warfare,0.11,14,2.99
nbaiiki0,NBA 2K10,1,133,19.99
nbaiikii,NBA 2K11,1,7,19.99
nbaiikiiii,NBA2K13,0.88,133,29.99
nbaiikiiv,NBA 2K14,0.88,7,29.99
necronomicondawningofdarkness,Necronomicon: The Dawning of Darkness,0.11,7,4.99
necrovision,NecroVision,1.5,7,9.99
necrovisionlostcompany,NecrovisioN: Lost Company,1,7,14.99
nextbigthing,The Next BIG Thing,1.5,7,9.99
nextcargame,Next Car Game,0.83,7,29.99
nicolaseymerichinquisitorbookiplague,Nicolas Eymerich - The Inquisitor - Book 1 : The Plague,0.3,7,9.99
nidhogg,Nidhogg,1,98,14.99
nightmaresfromdeepcursedheart,Nightmares from the Deep: The Cursed Heart,0.12,7,7.99
nightofrabbit,The Night of the Rabbit,1,7,19.99
nightshiftcode,The Nightshift CodeTM,0.66,7,6.99
nightsintodreams,NiGHTS Into Dreams,0.15,7,9.99
nihilumbra,Nihilumbra,0.15,7,7.99
nikopolsecretsofimmortals,Nikopol: Secrets of the Immortals,0.11,7,4.99
ninjablade,Ninja Blade,1,7,19.99
nosferatuwrathofmalachi,Nosferatu: The Wrath of Malachi,0.15,7,9.99
notimetoexplain,No Time to Explain,0.23,7,4.99
nppdrushmilkofultraviolet,//N.P.P.D. RUSH//- The milk of Ultraviolet,0.11,7,3.99
nucleardawnfourpack,Nuclear Dawn,0.88,7,29.99
obludia,Obludia,0.15,7,8.99
oddworldmunchsoddysee,Oddworld: Munch's Oddysee,0.11,7,4.99
offroaddrive,Off-Road Drive,2,7,14.99
ofguardsandthievesivpack,Of Guards And Thieves,1,7,44.99
oforcsandmen,Of Orcs And Men,2,7,29.99
oilrush,Oil Rush,0.3,7,9.99
omertacityofgangstersiipack,Omerta - City of Gangsters,1.47,7,34.99
omikronnomadsoul,Omikron: The Nomad Soul,0.15,7,9.99
ooziearthadventure,Oozi: Earth Adventure,0.15,7,4.99
operationflashpointredriver,Operation Flashpoint: Red River,1.47,7,9.99
orb,ORB,0.11,7,4.99
orborun,Orborun,0.12,7,5.99
orderofwar,Order of WarTM,0.15,7,7.99
otttd,OTTTD,0.15,7,9.99
outlast,Outlast,1,7,19.99
overgrowth,Overgrowth,0.88,21,29.99
overix000zombiesiipack,Over 9000 Zombies!,1,7,11.99
overlord,OverlordTM,0.11,7,4.99
overlordii,Overlord II,0.15,7,9.99
pacificstorm,Pacific Storm,0.22,7,7.99
pacificstormallies,Pacific Storm Allies,0.22,7,7.99
pacmanandghostlyadventures,PAC-MANTM and the Ghostly Adventures,2,7,19.99
pacmanchampionshipeditiondxplus,PAC-MANTM Championship Edition DX+,0.15,7,9.99
pacmanchampionshipeditiondxplusbigeatercourse,Pac-Man Championship Edition DX+: Big Eater Course,0.66,7,1.99
pacmanchampionshipeditiondxpluschampionshipiiiandhighwayiicourses,Pac-Man Championship Edition DX+: Championship III & Highway II Courses,0.66,7,1.99
pacmanchampionshipeditiondxplusdigdugskin,Pac-Man Championship Edition DX+: Dig Dug Skin,0.66,7,1.99
pacmanchampionshipeditiondxplusmountaincourse,Pac-Man Championship Edition DX+: Mountain Course,0.66,7,1.99
pacmanchampionshipeditiondxpluspacisbackskin,Pac-Man Championship Edition DX+: Pac is Back Skin,0.66,7,1.99
pacmanchampionshipeditiondxpluspacstepsbgm,Pac-Man Championship Edition DX+: Pac Steps BGM,0.66,7,0.99
pacmanchampionshipeditiondxplusrallyxskin,Pac-Man Championship Edition DX+: Rally-X Skin,0.66,7,1.99
pacmanchampionshipeditiondxplusreentrancebgm,Pac-Man Championship Edition DX+: Reentrance BGM,0.66,7,0.99
pacmanmuseum,PAC-MAN MUSEUMTM,1,7,19.99
painkilleroverdose,Painkiller Overdose,0.11,7,4.99
pandemonium,Pandemonium,0.12,7,6.99
pandorafirstcontact,Pandora: First Contact,0.88,7,29.99
panzertacticshd,Panzer Tactics HD,1,7,9.99
parkanii,Parkan 2,0.11,7,4.99
partyofsin,Party of Sin,0.22,7,9.99
patricianivriseofadynasty,Patrician IV: Rise of a Dysty,0.15,7,19.99
paydayheist,PAYDAYTM The Heist,0.11,7,19.99
paydayiifourpack,PAYDAY 2,0.95,7,89.99
perimeter,Perimeter,0.11,7,4.99
pickers,Pickers,0.15,7,9.99
pineviewdrive,Pineview Drive,1,7,19.99
piratesofblackcove,Pirates of Black Cove,0.3,7,9.99
pixeljunkmonstersultimateiipack,PixelJunkTM Monsters Ultimate,2,7,16.99
pixelpiracy,Pixel Piracy,1.5,7,9.99
planetaryannihilation,Planetary Annihilation,1.47,7,29.99
planetsunderattack,Planets Under Attack,1.5,7,9.99
pofvscursedkitty,Poof,0.11,7,6.99
portroyaleiiidawnofpiratesdlc,Port Royale 3: Dawn of Pirates DLC,0.13,7,4.99
portroyaleiiifourpack,Port Royale 3,1.47,7,74.99
portroyaleiiiharbourmasterdlc,Port Royale 3: Harbour Master DLC,0.13,7,4.99
postaliicompleteivpack,POSTAL 2,1,7,29.99
postapocalypticmayhemiiipack,Post Apocalyptic Mayhem,0.88,7,24.99
postmortem,Post Mortem,0.23,7,7.99
postmortemonemustdieextendedcut,Postmortem: One Must Die (Extended Cut),0.11,7,6.99
pressure,Pressure,0.22,7,9.99
pressured,Pressured,0.11,7,2.99
princeofpersia,Prince of Persia,0.3,7,9.99
princeofpersiaforgottensands,Prince of Persia: The Forgotten SandsTM,0.3,7,9.99
princeofpersiasandsoftime,Prince of Persia: The Sands of Time,0.15,7,9.99
princeofpersiatwothrones,Prince of Persia: The Two ThronesTM,0.15,7,9.99
princeofpersiawarriorwithin,Prince of Persia: Warrior WithinTM,0.15,7,9.99
princessisabella,Princess Isabella,0.11,7,4.99
princessisabellareturnofcurse,Princess Isabella - Return of the Curse,0.11,7,4.99
proevolutionsoccerii0iiv,Pro Evolution Soccer 2014,1,7,29.99
professionalfarmerii0iivamericadlc,Professiol Farmer 2014 - America DLC,0.15,7,9.99
professionalfarmerii0iivcollectorsedition,Professiol Farmer 2014,0.88,7,29.99
projectroot,Project Root,0.15,14,9.99
projecttemporality,Project Temporality,1,7,14.99
promisedland,The Promised Land,0.12,7,6.99
prorugbymanagerii0iv,Pro Rugby Mager 2015,1,7,39.99
prototype,PrototypeTM,1,7,19.99
psichodelya,Psichodelya,0.12,7,6.99
puddle,Puddle,0.15,14,7.99
puzzlekingdoms,Puzzle Kingdoms,1.5,7,14.99
puzzlequestii,Puzzle Quest 2,0.15,7,9.99
puzzlerworld,Puzzler World,0.13,7,4.99
puzzlerworldii,Puzzler World 2,0.23,7,4.99
quakeiv,Quake IV,1,7,19.99
quantumconundrumseasonpass,Quantum Conundrum,0.15,126,9.99
quantz,Quantz,0.15,7,9.99
qubedirectorscut,Q.U.B.E: Director's Cut,0.15,7,9.99
questofdungeons,Quest of Dungeons,0.11,7,4.99
questrun,QuestRun,0.13,7,8.99
racingmanagerii0iiv,Racing Mager 2014,0.12,7,19.99
radicalroachdeluxeedition,RADical ROACH Deluxe Edition,0.12,7,6.99
ragerunner,Rage Runner,0.11,70,4.99
railroadpioneer,Railroad Pioneer,0.11,7,4.99
railroadx,Railroad X,0.95,7,39.99
rambovideogame,Rambo The Video Game,0.95,7,39.99
ravenscrydigitaldeluxeedition,Raven's Cry,1,7,59.99
raymanlegends,Rayman Legends,0.83,7,39.99
raymanorigins,Rayman Origins,1.5,7,9.99
raymanravingrabbids,Rayman Raving RabbidsTM,0.15,7,9.99
rccars,RC Cars,0.11,7,4.99
realboxing,Real BoxingTM,0.15,7,9.99
reallybigsky,Really Big Sky,0.23,7,4.99
realmsofhaunting,Realms of the Haunting,0.15,7,9.99
realwarfareiiiivii,Real Warfare 1242,1,7,14.99
realwarfareiinortherncrusades,Real Warfare 2: Northern Crusades,2,7,19.99
realworldracingivpack,Real World Racing,1.47,14,29.99
reaxxion,Reaxxion,0.15,7,9.99
redfaction,Red Faction,0.15,7,9.99
redfactionarmageddon,Red Faction: ArmageddonTM,1,7,19.99
redneckracers,Redneck Racers,0.11,7,3.99
redorchestraostfrontiviivv,Red Orchestra: Ostfront 41-45,0.23,7,9.99
reignconflictofnations,Reign: Conflict of tions,1,7,14.99
rekoiliiipack,Rekoil,1,7,29.99
rememberme,Remember Me,1.47,7,29.99
renegadeops,Renegade Ops,1.5,7,15
residenteviloperationraccooncity,Resident Evil: Operation Raccoon City,1.47,7,29.99
residentevilrevelations,Resident Evil Revelations / Biohazard Revelations UE,0.95,7,49.99
residentevilv,Resident EvilTM 5,1,7,19.99
residentevilvi,Resident Evil 6 / Biohazard 6,0.95,7,39.99
restaurantempireii,Restaurant Empire II,0.3,7,19.99
retrobooster,Retrobooster,1,7,17.99
returntocastlewolfenstein,Return to Castle Wolfenstein,0.15,7,9.99
returntomysteriousisland,Return to Mysterious Island,0.15,7,19.99
returntomysteriousislandii,Return to Mysterious Island 2,0.15,7,19.99
revengeoftitans,Revenge of the Titans,0.15,7,9.99
rhiannoncurseoffourbranches,Rhiannon: Curse of the Four Branches,0.12,7,5.99
ridgeracerunbounded,Ridge RacerTM Unbounded,1.47,7,9.99
rignroll,Rig n Roll,0.3,7,14.99
risen,Risen,0.3,7,9.99
riseniidarkwaters,Risen 2: Dark Waters,1.47,7,19.99
riseoftriadivpack,Rise of the Triad,0.95,7,44.99
riseofvenice,Rise of Venice,0.88,7,24.99
riseofvenicebeyondsea,Rise of Venice - Beyond the Sea,0.23,7,9.99
risingstorm,Rising Storm Game of the Year Edition,1,7,19.99
riskofrain,Risk of Rain,0.15,70,9.99
rocksmithii0iiv,Rocksmith 2014,0.83,126,59.99
roguelegacy,Rogue Legacy,1.5,7,14.99
rometotalwaralexander,Rome: Total WarTM - Alexander ,0.11,7,4.99
roogoo,Roogoo,0.13,7,2.99
rotastic,Rotastic,0.15,7,9.99
rpgmakervxace,RPG Maker VX Ace,0.88,84,69.99
runawayaroadadventure,"Ruway, A Road Adventure",0.15,7,9.99
ruse,R.U.S.E.TM,0.3,7,9.99
rusedlcii,R.U.S.E. - The Chimera Pack,0.11,7,6.99
rush,RUSH,0.11,7,4.99
rushbrosiipack,Rush Bros.,1.5,14,14.99
sacredcitadel,Sacred Citadel,1.5,7,9.99
sacrifice,Sacrifice,0.15,7,9.99
saintsrowiv,Saints Row IV,1.47,7,19.99
saintsrowivcommanderinchiefpack,Saints Row IV: Commander-In-Chief Pack,0.11,7,1.99
saintsrowiventerdominatrix,Saints Row IV -  Enter The Domitrix,0.11,7,3.99
saintsrowivexecutiveprivilegepack,Saints Row IV: The Executive Privilege Pack,0.11,7,1.99
saintsrowivgrassrootspack,Saints Row IV: Grass Roots Pack,0.11,7,2.99
saintsrowivpresidentialpack,Saints Row IV: Presidential Pack,0.11,7,2.99
saintsrowivseasonpass,Saints Row IV: Season Pass,0.23,7,4.99
saintsrowthird,Saints Row: The Third,1.47,7,14.99
salvationprophecy,Salvation Prophecy,1,7,19.99
samanthaswiftandgoldentouch,Samantha Swift and the Golden Touch,0.15,7,9.99
samanthaswiftandhiddenrosesofathena,Samantha Swift and the Hidden Roses of Athe,0.15,7,9.99
sanctumivpack,Sanctum,0.88,7,29.99
sangfroidtalesofwerewolves,Sang-Froid - Tales of Werewolves,1.5,7,14.99
satazius,Satazius,0.12,7,5.99
scarygirl,Scary Girl,0.23,7,6.99
schoolbusfun,School Bus Fun,0.15,7,7.99
scourgeoutbreakambrosiabundle,Scourge: Outbreak,0.15,7,8.99
screencheat,Screencheat,0.88,7,14.99
secretfilesiii,Secret Files 3,1.5,7,19.99
secretfilespuritascordis,Secret Files 2: Puritas Cordis,0.15,7,9.99
secretfilessampeters,Secret Files: Sam Peters,0.15,7,9.99
secretfilestunguska,Secret Files Tunguska,0.15,7,9.99
secretofhildegards,The Secret Of Hildegards,0.12,7,6.99
secretsofraetikon,Secrets of Rtikon,0.15,7,9.99
secretworld,Total WarTM: ROME II - Emperor Edition,0.88,7,29.99
segabassfishing,SEGA Bass Fishing,0.13,7,7.99
selknamdefense,Selkm Defense,0.15,7,9.99
sengoku,Sengoku,1.5,7,9.99
sentineliiihomeworld,Sentinel 3: Homeworld,0.12,7,6.99
serioussamhdfirstencounterfourpack,Serious Sam HD: The First Encounter,0.88,14,44.99
serioussamhdsecondencounterfourpack,Serious Sam HD: The Second Encounter,0.88,14,59.99
serioussamiiibfe,Serious Sam 3: BFE,1.5,7,39.99
settlersheritageofkings,The Settlers: Heritage of Kings,0.15,7,9.99
shadowgatespecialedition,Shadowgate,1,7,29.99
shadowgrounds,Shadowgrounds,0.12,7,6.99
shadowgroundssurvivor,Shadowgrounds Survivor,0.15,7,34.99
shadowwarrior,Shadow Warrior,0.88,7,39.99
shankii,Shank 2,0.15,7,9.99
shannontweedsattackofgroupies,Shannon Tweed's Attack Of The Groupies,0.11,7,4.99
shatteredplanet,Shattered Planet,1.5,7,14.99
sherlockholmesandhoundofbaskervilles,Sherlock Holmes and The Hound of The Baskervilles,0.15,7,9.99
shinyfirefly,Shiny The Firefly,0.15,7,9.99
shipsimulatorextremes,Ship Simulator Extremes,0.88,7,19.99
shipsimulatorextremesinlandshipping,Ship Simulator Extremes: Inland Shipping,0.13,7,7.99
shipsimulatormaritimesearchandrescue,Ship Simulator: Maritime Search and Rescue,1,7,24.99
showdowneffect,The Showdown Effect,0.11,7,9.99
showtime,Showtime!,0.15,7,7.99
sidmeiersacepatrol,Sid Meiers Ace Patrol,0.23,7,4.99
sidmeiersacepatrolpacificskies,Sid Meiers Ace Patrol: Pacific Skies,0.11,7,4.99
sidmeierscivilizationiv,Sid Meier's Civilization IV,1,7,19.99
sidmeierscivilizationivbeyondsword,Civilization IV: Beyond the Sword,0.15,7,9.99
sidmeierscivilizationivcolonization,Sid Meier's Civilization IV: Colonization,1,7,19.99
sidmeierscivilizationivwarlords,Civilization IV: Warlords,0.11,7,4.99
sidmeierscivilizationv,Sid Meier's Civilization V,0.88,7,29.99
sidmeierscivilizationvbravenewworld,Sid Meier's Civilization V: Brave New World,0.88,7,29.99
sidmeierspirates,Sid Meier's Pirates!,0.15,7,9.99
sidmeiersrailroads,Sid Meier's Railroads!,0.15,7,9.99
silenthunteriii,Silent Hunter III,0.15,7,9.99
silenthuntervbattleofatlantic,Silent Hunter 5: Battle of the Atlantic,0.3,7,9.99
silverfall,Silverfall,0.15,7,9.99
silverfallearthawakening,Silverfall: Earth Awakening,0.15,7,9.99
simcityivdeluxe,SimCityTM 4 Deluxe Edition,1,7,19.99
simsiiifastlanestuff,The SimsTM 3 Fast Lane Stuff,1,7,19.99
simsiiiintofuture,The Sims 3 - Into the Future,2,7,19.99
simsiiiseasons,The Sims 3: Seasons,2,7,19.99
sinemora,Sine Mora,0.13,14,9.99
singularity,SingularityTM,0.83,7,29.99
skullgirlsivpack,Skullgirls,0.83,7,44.99
skullsofshogunivpack,Skulls of the Shogun,0.88,7,29.99
skydrift,SkyDrift,0.15,7,9.99
skyscrapersimulator,Skyscraper Simulator,0.22,7,9.99
sniperelite,Sniper Elite,0.15,7,9.99
snipereliteiii,Sniper Elite 3,1,7,49.99
sniperelitenazizombiearmyii,Sniper Elite: zi Zombie Army 2,1.5,7,14.99
sniperelitenazizombiearmyivpack,Sniper Elite: zi Zombie Army,0.95,7,44.97
sniperelitevii,Sniper Elite V2,1.47,7,29.99
snipereliteviineudorfoutpostpack,Sniper Elite V2 - The Neudorf Outpost Pack,0.11,7,4.99
sniperghostwarriorii,Sniper: Ghost Warrior 2,1.5,7,19.99
soldiersheroesofworldwarii,Soldiers: Heroes of World War II,1,77,4.99
sonarxiiiproducerupgrade,SOR X3 Producer,1.5,49,299.99
sonicadventureii,Sonic Adventure 2,0.15,7,9.99
sonicandallstarsracingtransformed,Sonic & All-Stars Racing Transformed,1.5,7,19.99
sonicgenerations,Sonic Generations,0.88,7,29.99
sonichedgehogivepisodei,Sonic the Hedgehog 4 - Episode I,0.15,7,9.99
sonichedgehogivepisodeii,Sonic the Hedgehog 4 - Episode II,1.5,7,14.99
soulbringer,Soulbringer,0.15,7,9.99
soulgambler,Soul Gambler,0.11,7,4.99
southparkstickoftruth,South ParkTM: The Stick of TruthTM,1,7,39.99
southparkstickoftruthultimatefellowshippack,South ParkTM: The Stick of TruthTM - Ultimate Fellowship Pack,0.66,91,2.99
spacechannelvpartii,Space Channel 5: Part 2,0.13,7,7.99
spaceengineers,Space Engineers,1.5,35,19.99
spacefarmers,Space Farmers,0.15,14,9.99
spaceforcerogueuniverse,SpaceForceTM Rogue Universe,0.11,7,4.99
spacehulkiipack,Space Hulk,0.95,7,39.99
spacerangershdawarapart,Space Rangers HD: A War Apart,0.88,7,19.99
spacesiege,Space Siege,1.5,7,14.99
spacetradermerchantmarine,Space Trader: Merchant Marine,0.11,7,14.99
specialforcesteamx,Special Forces: Team X,0.22,7,9.99
specopsline,Spec Ops: The Line,1.47,7,29.99
speedkills,Speed Kills,0.23,7,9.99
spellforceiidemonsofpast,SpellForce 2 - Demons of the Past,1,7,19.99
spellforceiifaithindestiny,SpellForce 2: Faith in Destiny,1.5,7,14.99
spellforceiigoldedition,SpellForce 2: Gold Edition,0.15,7,14.99
spintires,SPINTIRESTM,1,7,29.99
spoileralert,Spoiler Alert,0.13,7,2.99
stacking,Stacking,0.22,7,9.99
stalkercallofpripyat,S.T.A.L.K.E.R.: Call of Pripyat,0.22,7,19.99
stalkershadowofchernobyl,S.T.A.L.K.E.R.: Shadow of Chernobyl,1,7,19.99
stardrive,StarDrive,0.88,7,29.99
stariontacticsvipack,Starion Tactics,1,7,89.99
starpointgeminiii,Starpoint Gemini 2,0.83,112,34.99
starruler,Star Ruler,0.3,7,14.99
startopia,Startopia,0.12,7,6.99
startrekonlinelegacypack,Star Trek Online: Legacy Pack,0.83,7,159.99
starvoid,Starvoid,0.15,7,9.99
starwolves,Star Wolves,0.22,7,4.99
starwolvesii,Star Wolves 2,0.3,7,9.99
starwolvesiiicivilwar,Star Wolves 3: Civil War,1,7,14.99
stealthbastarddeluxe,Stealth Bastard Deluxe,0.12,14,9.99
steelandsteamepisodei,Steel & Steam: Episode 1,0.15,7,9.99
steelstormburningretributionfourpack,Steel Storm: Burning Retribution,1,7,39.99
stellarimpact,Stellar Impact,0.15,14,9.99
stilllife,Still Life,0.23,7,7.99
stilllifeii,Still Life 2,0.23,7,7.99
storminateacup,Storm in a Teacup,0.11,7,4.99
streetfighteriv,Street Fighter IV,1,7,19.99
streetfighterxtekken,Street Fighter X Tekken,1.47,7,29.99
streetracingsyndicate,Street Racing Syndicate,0.15,7,9.99
strider,STRIDERTM / ,1,7,14.99
strikesuitzero,Strike Suit Zero,1,70,19.99
strikesuitzerodirectorscut,Strike Suit Zero: Director's Cut,1,14,19.99
strongholdcrusaderiispecialedition,Stronghold Crusader 2,1,7,59.99
strongholdiiigold,Stronghold 3 Gold,2,7,29.99
styxmasterofshadows,Styx: Master of Shadows,1,7,29.99
substancepainter,Substance Painter,0.15,91,149.99
sudokuballdetective,Sudokuball Detective,0.15,7,9.99
summerathletics,Summer Athletics,1,7,19.99
supermeatboy,Super Meat Boy,1.5,7,14.99
superpandaadventures,Super Panda Adventures,0.11,7,3.99
supersplatters,Super Splatters,0.15,7,9.99
superstreetfighterivarcadeedition,Ultra Street Fighter IV,0.88,7,29.99
supremecommander,Supreme Commander,1.5,7,14.99
supremecommanderforgedalliance,Supreme Commander: Forged Alliance,1.5,7,14.99
supremecommanderii,Supreme Commander 2,1.5,7,12.99
supremerulercoldwar,Supreme Ruler: Cold War,0.3,7,9.99
swordofstarscompletecollection,Sword of the Stars: Complete Collection,0.3,7,9.99
swordofstarsiienhancededition,Sword of the Stars II: Enhanced Edition,1,7,19.99
syberia,Syberia,0.15,7,9.99
syberiaii,Syberia II,0.15,7,9.99
symphony,Symphony,0.15,7,8.99
takedownredsabrefourpack,Takedown: Red Sabre,1,7,14.99
talesfromdragonmountainstrix,Tales From The Dragon Mountain: The Strix,0.12,7,6.99
talismandigitaleditionfourpack,Talisman: Digital Edition,0.95,7,44.99
tankoperationseuropeancampaign,Tank Operations: European Campaign,1.5,7,14.99
tankuniversal,Tank Universal,0.11,14,14.99
teenagemutantninjaturtlesoutofshadows,Teege Mutant Ninja TurtlesTM: Out of the Shadows,1.5,7,14.99
teleglitchdiemoreedition,Teleglitch: Die More Edition,1.5,7,12.99
telltaletexasholdem,Telltale Texas Hold Em,0.13,7,2.99
teslagrad,Teslagrad,0.15,7,9.99
testamentofsherlockholmes,The Testament of Sherlock Holmes,2,7,19.99
testdriveferrariracinglegends,Test Drive: Ferrari Racing Legends,2,7,19.99
testdriveunlimitedii,Test Drive Unlimited 2,1,7,19.99
theatreofabsurd,Theatre Of The Absurd,0.11,7,4.99
theatreofwariiafricaiixiviii,Theatre of War 2: Africa 1943,1,7,15.99
theatreofwariicentauro,Theatre of War 2: Centauro,0.3,7,9.99
theatreofwariiikorea,Theatre of War 3: Korea,0.88,7,19.99
theatreofwariikurskiixiviii,Theatre of War 2: Kursk 1943,1,7,19.99
themsummoning,Them - The Summoning,0.12,7,6.99
thiefmasterthiefedition,Thief,0.95,7,32.99
thunderwolves,Thunder Wolves,0.22,7,9.99
timemysteriesfinalenigma,Time Mysteries: The Fil Enigma,1,7,7.99
tinybangstory,The Tiny Bang Story,0.23,7,4.99
tinybrains,Tiny Brains,0.22,7,9.99
tinytroopers,Tiny Troopers,0.23,7,4.99
titanquest,Titan Quest,1.5,7,14.99
titanquestimmortalthrone,Titan Quest - Immortal Throne,1.5,7,14.99
tokitori,Toki Tori,0.11,7,4.99
tokitoriiiplus,Toki Tori 2+,0.22,7,14.99
tombraideranniversary,Tomb Raider: Anniversary,0.15,7,8.99
tombraidersurvivaledition,Tomb Raider,1.47,7,24.99
tombraiderunderworld,Tomb Raider: Underworld,0.3,7,8.99
tomclancysendwar,Tom Clancy's EndWarTM,0.15,7,9.99
tomclancysghostreconadvancedwarfighter,Tom Clancy's Ghost Recon Advanced Warfighter,0.15,7,9.99
tomclancysghostreconadvancedwarfighterii,Tom Clancy's Ghost Recon Advanced Warfighter 2 ,0.15,7,9.99
tomclancysghostreconfuturesoldier,Tom Clancy's Ghost Recon: Future SoldierTM,1.47,7,19.99
tomclancysghostreconfuturesoldierravenstrikedlc,Tom Clancy's Ghost Recon Future Soldier Raven Strike DLC,1,7,14.99
tomclancysghostreconfuturesoldierseasonpass,Tom Clancy's Ghost Recon Future Soldier - Season Pass,0.83,7,24.99
tomclancyshawx,Tom Clancy's H.A.W.XTM,0.15,7,9.99
tomclancyshawxii,Tom Clancy's H.A.W.X. 2,0.3,7,9.99
tomclancysrainbowsixlockdown,Tom Clancy's Rainbow Six LockdownTM,0.15,7,9.99
tomclancysrainbowsixvegas,Tom Clancy's Rainbow Six Vegas,0.15,7,9.99
tomclancysrainbowsixvegasii,Tom Clancy's Rainbow Six Vegas 2,0.15,7,9.99
tomclancyssplintercell,Tom Clancy's Splinter Cell,0.15,7,9.99
tomclancyssplintercellblacklistdeluxeedition,Tom Clancys Splinter Cell Blacklist,1.47,7,39.99
tomclancyssplintercellchaostheory,Tom Clancy's Splinter Cell Chaos Theory,0.15,7,9.99
tomclancyssplintercelldoubleagent,Tom Clancy's Splinter Cell Double Agent,0.15,7,9.99
tonyhawksproskaterhd,Tony Hawks Pro Skater HD,0.15,7,9.99
torchlightiiivpack,Torchlight II,0.95,7,59.99
totalprogolfiii,Total Pro Golf 3,1,7,19.99
totalwarbattlesshogun,Total War Battles: SHOGUN,0.23,7,4.99
totalwarromeii,Total WarTM: ROME II - Emperor Edition,0.95,7,59.95
totalwarshoguniifallofsamurai,Total War: Shogun 2 - Fall of the Samurai,1.5,7,29.99
towerwarsteampack,Tower Wars,1,7,19.99
towtrucksimulatorii0iv,Towtruck Simulator 2015,1.5,7,14.99
trainzsimulatoriii,TrainzTM Simulator 12,1.47,7,29.99
trainzsimulatoriiicoronationscot,Trainz Simulator DLC: Corotion Scot,0.15,7,9.99
trainzsimulatoriiiprrti,Trainz Simulator DLC: PRR T1,0.15,7,9.99
transformersfallofcybertron,TransformersTM: Fall of CybertronTM,0.83,7,59.99
transformersfallofcybertronmassivefurypack,TransformersTM: Fall of CybertronTM - Massive Fury Pack,0.15,7,9.99
transformerswarforcybertron,TransformersTM: War for CybertronTM,0.88,7,19.99
transistor,Transistor,1,7,19.99
trappeddead,Trapped Dead,0.23,7,9.99
treasuresofmontezumaiv,The Treasures of Montezuma 4,0.12,7,6.99
trialsevolutiongoldedition,Trials Evolution: Gold Edition,1,7,19.99
trialsfusiondeluxeedition,Trials FusionTM,0.88,7,39.99
trineiicompletestoryiiipack,Trine 2: Complete Story,1,7,39.99
tropicoiii,Tropico 3 - Steam Special Edition,0.15,7,9.99
tropicoiiiabsolutepower,Tropico 3: Absolute Power ,0.15,7,9.99
tropicoiv,Tropico 4: Steam Special Edition,1.5,7,19.99
tropicovivpack,Tropico 5,0.95,7,119.99
truckracer,Truck Racer,1.5,7,19.99
trystpremiumedition,Tryst,1,7,19.99
twinsector,Twin Sector,0.11,7,4.99
twoworldsii,Two Worlds II,1.5,7,19.99
twoworldsiicastledefense,Two Worlds II Castle Defense,1.5,7,9.99
twoworldsiipiratesofflyingfortress,Two Worlds II - Pirates of the Flying Fortress,0.3,7,9.99
tycooncitynewyork,Tycoon City: New York,0.15,7,9.99
typerider,Type:Rider,0.23,7,6.99
typingofdeadoverkill,The Typing of The Dead: Overkill,1,7,19.99
ufoafterlight,UFO: Afterlight,0.15,7,6.99
ufoaftermath,UFO: Aftermath,0.11,7,4.99
ufoaftershock,UFO: Aftershock,0.11,7,4.99
ufoextraterrestrialsgold,UFO: Extraterrestrials Gold,0.15,7,9.99
undergarden,The UnderGarden,0.15,7,6.99
unstoppablegorg,Unstoppable Gorg,0.15,7,9.99
urbanchaos,Urban Chaos,0.12,7,6.99
vampiremasqueradebloodlines,Vampire: The Masquerade - Bloodlines,1,7,19.99
vectorthrust,Vector Thrust,1,7,14.99
velvetassassin,Velvet Assassin,0.11,7,4.99
verticaldropheroeshd,Vertical Drop Heroes HD,0.12,7,6.99
vertiginousgolf,Vertiginous Golf,1.5,14,14.99
victoriaii,Victoria II,1,7,19.99
victoriaiiaheartofdarkness,Victoria II: Heart of Darkness,0.15,7,19.99
victoriaiiahousedivided,Victoria II: A House Divided,0.3,7,9.99
viiwondersii,7 Wonders II,0.15,7,9.99
viiwondersmagicalmysterytour,7 Wonders: Magical Mystery Tour,0.12,126,6.99
viiwondersofancientworld,7 Wonders of the Ancient World,0.12,126,6.99
viiwonderstreasuresofseven,7 Wonders: Treasures of Seven,0.15,7,9.99
vikingbattleforasgard,Spiral Knights: Guardians Armor Pack,1.5,7,14.99
vikingbrothers,Viking Brothers,0.15,7,9.99
virtuatennisiv,Virtua Tennis 4TM,1,7,14.99
void,The Void,0.15,7,9.99
voodoowhisperercurseofalegend,Voodoo Whisperer Curse of a Legend,0.11,7,4.99
walkingdead,The Walking Dead,0.88,7,24.99
walkingdeadiv00days,The Walking Dead: 400 Days,0.11,7,4.99
walkingdeadsurvivalinstinct,The Walking DeadTM: Survival Instinct,0.95,7,49.99
warehouseandlogisticssimulator,Warehouse and Logistics Simulator,1.5,7,14.99
warfare,Warfare,1,7,19.99
warforoverworldunderlordedition,War for the Overworld,0.88,7,39.99
wargameairlandbattle,Wargame: Airland Battle,2,7,19.99
wargameeuropeanescalation,Wargame: European Escalation,2,7,9.99
wargamereddragon,Wargame: Red Dragon,0.95,7,39.99
warhammeriv0000dawnofwarii,"Warhammer 40,000TM: Dawn of War II",1.5,7,19.99
warhammeriv0000dawnofwariichaosrising,"Warhammer 40,000: Dawn of War II Chaos Rising",1.5,7,19.99
warhammeriv0000killteam,"Warhammer 40,000: Kill Team",0.13,7,9.99
warhammeriv0000spacemarine,"Warhammer 40,000: Space Marine",0.88,7,29.99
warhammeriv0000spacemarinedeathguardchampionchapterpackdlc,"Warhammer 40,000: Space Marine - Death Guard Champion Chapter Pack DLC",0.11,7,2.99
warhammeriv0000spacemarinedreadnoughtdlc,"Warhammer 40,000: Space Marine - Dreadnought DLC",0.15,7,9.99
warhammeriv0000spacemarineironhandschapterpackdlc,"Warhammer 40,000: Space Marine - Iron Hands Chapter Pack DLC",0.11,7,2.99
warlockiiexiledlordedition,Warlock 2: The Exiled,0.95,7,39.99
warlockmasterofarcane,Warlock - Master of the Arcane,1,7,19.99
warofroseskingmakerfourpack,War of the Roses: Kingmaker,0.95,7,59.99
warofvikingsivpack,War of the Vikings,0.88,7,74.99
waronfolvos,War on Folvos,0.11,7,3.99
warriorkings,Warrior Kings,0.11,7,9.99
warriorkingsbattles,Warrior Kings: Battles,0.15,7,9.99
wastelandangel,Wasteland Angel,0.15,14,9.99
watchdogs,Watch_DogsTM,1,7,59.99
waves,Waves,0.23,7,4.99
whereangelscry,Where Angels Cry,0.12,7,6.99
whisperingwillows,Whispering Willows,1.5,7,14.99
whitehavenmysteries,White Haven Mysteries,0.11,7,4.99
wildlifeparkiii,Wildlife Park 3,0.15,7,9.99
wingsovereurope,Wings Over Europe,0.11,7,9.99
witcherenhancededitiondirectorscut,The Witcher: Enhanced Edition Director's Cut,0.15,7,9.99
witcheriiiwildhunt,The Witcher 3: Wild Hunt,1,77,59.99
wolfamongus,The Wolf Among Us,0.83,7,24.99
wolfensteiniiid,Wolfenstein 3D,0.11,7,4.99
wolfensteinneworder,Wolfenstein: The New Order,0.83,7,59.99
woodensensey,Wooden Sen'SeY,0.22,7,9.99
worldinconflictsovietassault,World In Conflict: Soviet Assault,0.15,7,9.99
worldofzoo,World of Zoo,1.5,7,14.99
worldwariiiblackgold,World War III: Black Gold,0.11,7,4.99
worldwariipanzerclaws,World War II: Panzer Claws,0.11,7,4.99
worms,Worms,0.13,7,7.99
wormsclanwars,Worms Clan Wars,0.88,7,24.99
wormscrazygolf,Worms Crazy Golf,0.13,7,9.99
wormsrevolutionivpack,Worms Revolution,0.95,7,44.99
wormsrevolutionseasonpass,Worms Revolution Season Pass,1.5,7,14.99
wormsultimatemayhem,Worms Ultimate Mayhem,1.5,7,14.99
wrcivfiaworldrallychampionship,WRC 4 FIA World Rally Championship,2,7,29.99
wrcpowerslide,WRC Powerslide,0.15,7,9.99
xblades,X-Blades,0.3,7,9.99
xcomenemyunknown,XCOM: Enemy Unknown,1.47,7,29.99
xcomenemyunknownelitesoldierpack,XCOM: Enemy Unknown - Elite Soldier Pack,0.11,7,4.99
xcomenemywithin,XCOM: Enemy Within,0.88,7,29.99
xiiiterranconflict,X3: Terran Conflict,1,7,15.99
xpandrallyxtreme,Xpand Rally Xtreme,0.22,7,4.99
xrebirth,X Rebirth,0.83,7,49.99
yarsrevenge,Yar's Revenge,0.15,7,9.99
yesterday,Yesterday,1.5,7,9.99
z,Z,0.12,7,6.99
zambbiomutantextermination,ZAMB! Biomutant Extermition,1.5,7,19.99
zeit,Zeit2,0.15,7,9.99
zenoclash,Zeno Clash,0.15,7,9.99
zombiebowlorama,Zombie Bowl-o-Rama,0.15,7,9.99
zombiesolitaire,Zombie Solitaire,0.12,7,6.99
zombietycooniibrainhovsrevengetwopack,Zombie Tycoon 2: Brainhov's Revenge,1.5,7,14.99
zsteelsoldiers,Z Steel Soldiers,1,7,12.99
